{
  "model": {
    "type": "minecraft:range_dispatch",
    "property": "minecraft:custom_model_data",
    "entries": [
      {
        "threshold": 1,
        "model": {
          "type": "minecraft:model",
          "model": "item/cosmetic/cap"
        }
      },
      {
        "threshold": 2,
        "model": {
          "type": "minecraft:model",
          "model": "item/cosmetic/angelic_holo"
        }
      },
      {
        "threshold": 3,
        "model": {
          "type": "minecraft:model",
          "model": "item/cosmetic/astronaut_helmet"
        }
      },
      {
        "threshold": 4,
        "model": {
          "type": "minecraft:model",
          "model": "item/cosmetic/christmas_cap"
        }
      },
      {
        "threshold": 5,
        "model": {
          "type": "minecraft:model",
          "model": "item/cosmetic/crown"
        }
      },
      {
        "threshold": 6,
        "model": {
          "type": "minecraft:model",
          "model": "item/cosmetic/paper_bag"
        }
      },
      {
        "threshold": 7,
        "model": {
          "type": "minecraft:model",
          "model": "item/cosmetic/racing_helmet"
        }
      },
      {
        "threshold": 8,
        "model": {
          "type": "minecraft:model",
          "model": "item/cosmetic/slime"
        }
      },
      {
        "threshold": 9,
        "model": {
          "type": "minecraft:model",
          "model": "item/cosmetic/top"
        }
      },
      {
        "threshold": 10,
        "model": {
          "type": "minecraft:model",
          "model": "item/cosmetic/book"
        }
      },
      {
        "threshold": 11,
        "model": {
          "type": "minecraft:model",
          "model": "item/cosmetic/mask"
        }
      },
      {
        "threshold": 12,
        "model": {
          "type": "minecraft:model",
          "model": "item/cosmetic/sunglasses"
        }
      },
      {
        "threshold": 13,
        "model": {
          "type": "minecraft:model",
          "model": "item/cosmetic/ruby"
        }
      }
    ],
    "fallback": {
      "type": "minecraft:model",
      "model": "minecraft:block/dirt"
    }
  }
}