{
  "model": {
    "type": "select",
    "property": "custom_model_data",
    "fallback": {
      "type": "model",
      "model": "item/emerald"
    },
    "cases": [
      {
        "when": "rare_chest",
        "model": {
          "type": "model",
          "model": "item/chest/rare_chest"
        }
      },
      {
        "when": "epic_chest",
        "model": {
          "type": "model",
          "model": "item/chest/epic_chest"
        }
      },
      {
        "when": "legendary_chest",
        "model": {
          "type": "model",
          "model": "item/chest/legendary_chest"
        }
      }
    ]
  }
}