{
  "model": {
    "type": "minecraft:range_dispatch",
    "property": "minecraft:custom_model_data",
    "entries": [
      {
        "threshold": 1,
        "model": {
          "type": "minecraft:model",
          "model": "item/furniture/coach",
		  "tints": [
		  {
			  "type": "minecraft:dye",
			  "default": -6265536
		  }
		 ]
        }
      },
      {
        "threshold": 2,
        "model": {
          "type": "minecraft:model",
          "model": "item/furniture/chair",
		  "tints": [
		  {
			  "type": "minecraft:dye",
			  "default": -6265536
		  }
		 ]
        }
      },
      {
        "threshold": 3,
        "model": {
          "type": "minecraft:model",
          "model": "item/furniture/table",
		  "tints": [
		  {
			  "type": "minecraft:dye",
			  "default": -6265536
		  }
		 ]
        }
      }
    ],
    "fallback": {
      "type": "minecraft:model",
      "model": "minecraft:item/leather_horse_armor",
	  "tints": [
	  {
		  "type": "minecraft:dye",
		  "default": -6265536
	  }
	 ]
    }
  }
}