{
  "model": {
    "type": "minecraft:range_dispatch",
    "property": "minecraft:custom_model_data",
    "entries": [
      {
        "threshold": 1,
        "model": {
          "type": "minecraft:model",
          "model": "minecraft:item/aqua_shovel"
        }
      },
      {
        "threshold": 2,
        "model": {
          "type": "minecraft:model",
          "model": "minecraft:item/pink_shovel"
        }
      },
      {
        "threshold": 3,
        "model": {
          "type": "minecraft:model",
          "model": "minecraft:item/red_shovel"
        }
      },
      {
        "threshold": 4,
        "model": {
          "type": "minecraft:model",
          "model": "minecraft:item/white_shovel"
        }
      },
      {
        "threshold": 5,
        "model": {
          "type": "minecraft:model",
          "model": "minecraft:item/toxic_shovel"
        }
      },
      {
        "threshold": 6,
        "model": {
          "type": "minecraft:model",
          "model": "minecraft:item/lemon_shovel"
        }
      }
    ],
    "fallback": {
      "type": "minecraft:model",
      "model": "minecraft:item/netherite_shovel"
    }
  }
}