{
  "model": {
    "type": "select",
    "property": "custom_model_data",
    "fallback": {
      "type": "model",
      "model": "item/paper"
    },
    "cases": [
      {
        "when": "rare_key",
        "model": {
          "type": "model",
          "model": "item/chest/rare_key"
        }
      },
      {
        "when": "epic_key",
        "model": {
          "type": "model",
          "model": "item/chest/epic_key"
        }
      },
      {
        "when": "legendary_key",
        "model": {
          "type": "model",
          "model": "item/chest/legendary_key"
        }
      }
    ]
  }
}