{
  "model": {
    "type": "minecraft:range_dispatch",
    "property": "minecraft:custom_model_data",
    "entries": [
      {
        "threshold": 1,
        "model": {
          "type": "minecraft:model",
          "model": "item/gui/pass"
        }
      },
      {
        "threshold": 2,
        "model": {
          "type": "minecraft:model",
          "model": "item/gui/pass_boost"
        }
      },
      {
        "threshold": 3,
        "model": {
          "type": "minecraft:model",
          "model": "item/gui/empty"
        }
      },
      {
        "threshold": 4,
        "model": {
          "type": "minecraft:model",
          "model": "item/gui/trash_bin"
        }
      },
      {
        "threshold": 5,
        "model": {
          "type": "minecraft:model",
          "model": "item/gui/turn_back"
        }
      },
      {
        "threshold": 6,
        "model": {
          "type": "minecraft:model",
          "model": "item/gui/rename"
        }
      },
      {
        "threshold": 7,
        "model": {
          "type": "minecraft:model",
          "model": "item/gui/previous"
        }
      },
      {
        "threshold": 8,
        "model": {
          "type": "minecraft:model",
          "model": "item/gui/next"
        }
      },
      {
        "threshold": 9,
        "model": {
          "type": "minecraft:model",
          "model": "item/gui/info"
        }
      },
      {
        "threshold": 10,
        "model": {
          "type": "minecraft:model",
          "model": "item/gui/news"
        }
      },
      {
        "threshold": 11,
        "model": {
          "type": "minecraft:model",
          "model": "item/gui/clock"
        }
      },
      {
        "threshold": 12,
        "model": {
          "type": "minecraft:model",
          "model": "item/gui/random"
        }
      },
      {
        "threshold": 13,
        "model": {
          "type": "minecraft:model",
          "model": "item/ruby"
        }
      },
      {
        "threshold": 14,
        "model": {
          "type": "minecraft:model",
          "model": "block/ruby_block"
        }
      },
      {
        "threshold": 15,
        "model": {
          "type": "minecraft:model",
          "model": "item/gui/container"
        }
      },
      {
        "threshold": 16,
        "model": {
          "type": "minecraft:model",
          "model": "item/gui/equipment"
        }
      },
      {
        "threshold": 17,
        "model": {
          "type": "minecraft:model",
          "model": "item/forgotten_artifact"
        }
      },
      {
        "threshold": 18,
        "model": {
          "type": "minecraft:model",
          "model": "item/lost_soul"
        }
      },
      {
        "threshold": 19,
        "model": {
          "type": "minecraft:model",
          "model": "item/gui/location"
        }
      },
      {
        "threshold": 20,
        "model": {
          "type": "minecraft:model",
          "model": "item/gui/notification"
        }
      }
    ],
    "fallback": {
      "type": "minecraft:model",
      "model": "minecraft:item/stick"
    }
  }
}