{
  "model": {
    "type": "minecraft:range_dispatch",
    "property": "minecraft:custom_model_data",
    "entries": [
      {
        "threshold": 1,
        "model": {
          "type": "minecraft:model",
          "model": "item/gui/claimed"
        }
      },
      {
        "threshold": 2,
        "model": {
          "type": "minecraft:model",
          "model": "item/gui/ready"
        }
      },
      {
        "threshold": 3,
        "model": {
          "type": "minecraft:model",
          "model": "item/gui/empty"
        }
      },
      {
        "threshold": 4,
        "model": {
          "type": "minecraft:model",
          "model": "item/golden_egg"
        }
      },
      {
        "threshold": 5,
        "model": {
          "type": "minecraft:model",
          "model": "item/gui/progress"
        }
      },
      {
        "threshold": 6,
        "model": {
          "type": "minecraft:model",
          "model": "item/gui/locked"
        }
      },
      {
        "threshold": 7,
        "model": {
          "type": "minecraft:model",
          "model": "item/gui/previous"
        }
      },
      {
        "threshold": 8,
        "model": {
          "type": "minecraft:model",
          "model": "item/gui/next"
        }
      },
      {
        "threshold": 9,
        "model": {
          "type": "minecraft:model",
          "model": "item/gui/placeholder"
        }
      },
      {
        "threshold": 13,
        "model": {
          "type": "minecraft:model",
          "model": "item/ruby"
        }
      },
      {
        "threshold": 14,
        "model": {
          "type": "minecraft:model",
          "model": "block/ruby_block"
        }
      },
      {
        "threshold": 17,
        "model": {
          "type": "minecraft:model",
          "model": "item/forgotten_artifact"
        }
      },
      {
        "threshold": 18,
        "model": {
          "type": "minecraft:model",
          "model": "item/lost_soul"
        }
      }
    ],
    "fallback": {
      "type": "minecraft:model",
      "model": "minecraft:item/stick"
    }
  }
}