{
  "model": {
    "type": "minecraft:range_dispatch",
    "property": "minecraft:custom_model_data",
    "entries": [
      {
        "threshold": 1,
        "model": {
          "type": "minecraft:model",
          "model": "item/fish/fish_0"
        }
      },
      {
        "threshold": 2,
        "model": {
          "type": "minecraft:model",
          "model": "item/fish/fish_1"
        }
      },
      {
        "threshold": 3,
        "model": {
          "type": "minecraft:model",
          "model": "item/fish/fish_2"
        }
      },
      {
        "threshold": 4,
        "model": {
          "type": "minecraft:model",
          "model": "item/fish/fish_3"
        }
      },
      {
        "threshold": 5,
        "model": {
          "type": "minecraft:model",
          "model": "item/fish/fish_4"
        }
      },
      {
        "threshold": 6,
        "model": {
          "type": "minecraft:model",
          "model": "item/fish/fish_5"
        }
      },
      {
        "threshold": 7,
        "model": {
          "type": "minecraft:model",
          "model": "item/fish/fish_6"
        }
      },
      {
        "threshold": 8,
        "model": {
          "type": "minecraft:model",
          "model": "item/fish/fish_7"
        }
      },
      {
        "threshold": 9,
        "model": {
          "type": "minecraft:model",
          "model": "item/fish/fish_8"
        }
      },
      {
        "threshold": 10,
        "model": {
          "type": "minecraft:model",
          "model": "item/fish/fish_9"
        }
      },
      {
        "threshold": 11,
        "model": {
          "type": "minecraft:model",
          "model": "item/fish/fish_10"
        }
      },
      {
        "threshold": 12,
        "model": {
          "type": "minecraft:model",
          "model": "item/fish/fish_11"
        }
      },
      {
        "threshold": 13,
        "model": {
          "type": "minecraft:model",
          "model": "item/fish/fish_12"
        }
      },
      {
        "threshold": 14,
        "model": {
          "type": "minecraft:model",
          "model": "item/fish/fish_13"
        }
      },
      {
        "threshold": 15,
        "model": {
          "type": "minecraft:model",
          "model": "item/fish/fish_14"
        }
      },
      {
        "threshold": 16,
        "model": {
          "type": "minecraft:model",
          "model": "item/fish/fish_15"
        }
      },
      {
        "threshold": 17,
        "model": {
          "type": "minecraft:model",
          "model": "item/fish/fish_16"
        }
      },
      {
        "threshold": 18,
        "model": {
          "type": "minecraft:model",
          "model": "item/fish/fish_17"
        }
      },
      {
        "threshold": 19,
        "model": {
          "type": "minecraft:model",
          "model": "item/fish/fish_18"
        }
      },
      {
        "threshold": 20,
        "model": {
          "type": "minecraft:model",
          "model": "item/fish/fish_19"
        }
      },
      {
        "threshold": 21,
        "model": {
          "type": "minecraft:model",
          "model": "item/fish/fish_20"
        }
      },
      {
        "threshold": 22,
        "model": {
          "type": "minecraft:model",
          "model": "item/fish/fish_21"
        }
      },
      {
        "threshold": 23,
        "model": {
          "type": "minecraft:model",
          "model": "item/fish/fish_22"
        }
      },
      {
        "threshold": 24,
        "model": {
          "type": "minecraft:model",
          "model": "item/fish/fish_23"
        }
      },
      {
        "threshold": 25,
        "model": {
          "type": "minecraft:model",
          "model": "item/fish/fish_24"
        }
      },
      {
        "threshold": 26,
        "model": {
          "type": "minecraft:model",
          "model": "item/fish/fish_25"
        }
      },
      {
        "threshold": 27,
        "model": {
          "type": "minecraft:model",
          "model": "item/fish/placeholder_common"
        }
      },
      {
        "threshold": 28,
        "model": {
          "type": "minecraft:model",
          "model": "item/fish/placeholder_uncommon"
        }
      },
      {
        "threshold": 29,
        "model": {
          "type": "minecraft:model",
          "model": "item/fish/placeholder_rare"
        }
      },
      {
        "threshold": 30,
        "model": {
          "type": "minecraft:model",
          "model": "item/fish/placeholder_epic"
        }
      }
    ],
    "fallback": {
      "type": "minecraft:model",
      "model": "minecraft:item/tropical_fish"
    }
  }
}