{
	"credit": "cha7",
	"textures": {
		"0": "custompack:item/cosmetics/cap",
		"particle": "custompack:item/cosmetics/cap"
	},
	"elements": [
		{
			"from": [0, 0, 0],
			"to": [16, 16, 16],
			"faces": {
				"north": {"uv": [0, 0, 4, 4], "texture": "#0"},
				"east": {"uv": [4, 0, 8, 4], "texture": "#0"},
				"south": {"uv": [8, 0, 12, 4], "texture": "#0"},
				"west": {"uv": [0, 4, 4, 8], "texture": "#0"},
				"up": {"uv": [4, 4, 8, 8], "texture": "#0"},
				"down": {"uv": [8, 4, 12, 8], "texture": "#0"}
			}
		},
		{
			"from": [0, 10, 16],
			"to": [16, 10, 22],
			"rotation": {"angle": 0, "axis": "y", "origin": [0, 10, 16]},
			"faces": {
				"north": {"uv": [0, 0, 16, 0], "texture": "#0"},
				"east": {"uv": [0, 0, 6, 0], "texture": "#0"},
				"south": {"uv": [0, 0, 16, 0], "texture": "#0"},
				"west": {"uv": [0, 0, 6, 0], "texture": "#0"},
				"up": {"uv": [12, 1.5, 16, 0], "texture": "#0"},
				"down": {"uv": [12, 0, 16, 1.5], "texture": "#0"}
			}
		}
	],
	"gui_light": "front",
	"display": {
		"thirdperson_righthand": {
			"scale": [0.25, 0.25, 0.25]
		},
		"thirdperson_lefthand": {
			"scale": [0.25, 0.25, 0.25]
		},
		"firstperson_righthand": {
			"scale": [0.25, 0.25, 0.25]
		},
		"firstperson_lefthand": {
			"scale": [0.25, 0.25, 0.25]
		},
		"ground": {
			"scale": [0.25, 0.25, 0.25]
		},
		"gui": {
			"rotation": [16, -135, 0],
			"scale": [0.5, 0.5, 0.5]
		},
		"fixed": {
			"translation": [-0.01, -8.01, -16],
			"scale": [1.02, 1.02, 1.02]
		}
	}
}