{
	"providers": [
        {
            "type": "bitmap",
            "file": "minecraft:font/ascii_customized.png",
            "ascent": -3,
            "chars": [
                "\ue15f\ue15f\ue15f\ue15f\ue15f\ue15f\ue15f\ue15f\ue15f\ue15f\ue15f\ue15f\ue15f\ue15f\ue15f\ue15f",
                "\ue15f\ue15f\ue15f\ue15f\ue15f\ue15f\ue15f\ue15f\ue15f\ue15f\ue15f\ue15f\ue15f\ue15f\ue15f\ue15f",
                "\ue100\ue101\ue102\ue103\ue104\ue105\ue106\ue107\ue108\ue109\ue10a\ue10b\ue10c\ue10d\ue10e\ue10f",
                "\ue110\ue111\ue112\ue113\ue114\ue115\ue116\ue117\ue118\ue119\ue11a\ue11b\ue11c\ue11d\ue11e\ue11f",
                "\ue120\ue121\ue122\ue123\ue124\ue125\ue126\ue127\ue128\ue129\ue12a\ue12b\ue12c\ue12d\ue12e\ue12f",
                "\ue130\ue131\ue132\ue133\ue134\ue135\ue136\ue137\ue138\ue139\ue13a\ue13b\ue13c\ue13d\ue13e\ue13f",
                "\ue140\ue141\ue142\ue143\ue144\ue145\ue146\ue147\ue148\ue149\ue14a\ue14b\ue14c\ue14d\ue14e\ue14f",
                "\ue150\ue151\ue152\ue153\ue154\ue155\ue156\ue157\ue158\ue159\ue15a\ue15b\ue15c\ue15d\ue15e\ue15f",
                "\ue15f\ue15f\ue15f\ue15f\ue15f\ue15f\ue15f\ue15f\ue15f\ue15f\ue15f\ue15f\ue15f\ue15f\ue15f\ue15f",
                "\ue15f\ue15f\ue15f\ue15f\ue15f\ue15f\ue15f\ue15f\ue15f\ue15f\ue15f\ue15f\ue15f\ue15f\ue15f\ue15f",
                "\ue15f\ue15f\ue15f\ue15f\ue15f\ue15f\ue15f\ue15f\ue15f\ue15f\ue15f\ue15f\ue15f\ue15f\ue15f\ue15f",
                "\ue15f\ue15f\ue15f\ue15f\ue15f\ue15f\ue15f\ue15f\ue15f\ue15f\ue15f\ue15f\ue15f\ue15f\ue15f\ue15f",
                "\ue15f\ue15f\ue15f\ue15f\ue15f\ue15f\ue15f\ue15f\ue15f\ue15f\ue15f\ue15f\ue15f\ue15f\ue15f\ue15f",
                "\ue15f\ue15f\ue15f\ue15f\ue15f\ue15f\ue15f\ue15f\ue15f\ue15f\ue15f\ue15f\ue15f\ue15f\ue15f\ue15f",
                "\ue15f\ue15f\ue15f\ue15f\ue15f\ue15f\ue15f\ue15f\ue15f\ue15f\ue15f\ue15f\ue15f\ue15f\ue15f\ue15f",
                "\ue15f\ue15f\ue15f\ue15f\ue15f\ue15f\ue15f\ue15f\ue15f\ue15f\ue15f\ue15f\ue15f\ue15f\ue15f\ue15f"
            ]
        },
        {
            "type": "bitmap",
            "file": "minecraft:font/ascii_customized.png",
            "ascent": -13,
            "chars": [
				"\ue1bf\ue1bf\ue1bf\ue1bf\ue1bf\ue1bf\ue1bf\ue1bf\ue1bf\ue1bf\ue1bf\ue1bf\ue1bf\ue1bf\ue1bf\ue1bf",
				"\ue1bf\ue1bf\ue1bf\ue1bf\ue1bf\ue1bf\ue1bf\ue1bf\ue1bf\ue1bf\ue1bf\ue1bf\ue1bf\ue1bf\ue1bf\ue1bf",
				"\ue160\ue161\ue162\ue163\ue164\ue165\ue166\ue167\ue168\ue169\ue16a\ue16b\ue16c\ue16d\ue16e\ue16f",
				"\ue170\ue171\ue172\ue173\ue174\ue175\ue176\ue177\ue178\ue179\ue17a\ue17b\ue17c\ue17d\ue17e\ue17f",
				"\ue180\ue181\ue182\ue183\ue184\ue185\ue186\ue187\ue188\ue189\ue18a\ue18b\ue18c\ue18d\ue18e\ue18f",
				"\ue190\ue191\ue192\ue193\ue194\ue195\ue196\ue197\ue198\ue199\ue19a\ue19b\ue19c\ue19d\ue19e\ue19f",
				"\ue1a0\ue1a1\ue1a2\ue1a3\ue1a4\ue1a5\ue1a6\ue1a7\ue1a8\ue1a9\ue1aa\ue1ab\ue1ac\ue1ad\ue1ae\ue1af",
				"\ue1b0\ue1b1\ue1b2\ue1b3\ue1b4\ue1b5\ue1b6\ue1b7\ue1b8\ue1b9\ue1ba\ue1bb\ue1bc\ue1bd\ue1be\ue1bf",
				"\ue1bf\ue1bf\ue1bf\ue1bf\ue1bf\ue1bf\ue1bf\ue1bf\ue1bf\ue1bf\ue1bf\ue1bf\ue1bf\ue1bf\ue1bf\ue1bf",
				"\ue1bf\ue1bf\ue1bf\ue1bf\ue1bf\ue1bf\ue1bf\ue1bf\ue1bf\ue1bf\ue1bf\ue1bf\ue1bf\ue1bf\ue1bf\ue1bf",
				"\ue1bf\ue1bf\ue1bf\ue1bf\ue1bf\ue1bf\ue1bf\ue1bf\ue1bf\ue1bf\ue1bf\ue1bf\ue1bf\ue1bf\ue1bf\ue1bf",
				"\ue1bf\ue1bf\ue1bf\ue1bf\ue1bf\ue1bf\ue1bf\ue1bf\ue1bf\ue1bf\ue1bf\ue1bf\ue1bf\ue1bf\ue1bf\ue1bf",
				"\ue1bf\ue1bf\ue1bf\ue1bf\ue1bf\ue1bf\ue1bf\ue1bf\ue1bf\ue1bf\ue1bf\ue1bf\ue1bf\ue1bf\ue1bf\ue1bf",
				"\ue1bf\ue1bf\ue1bf\ue1bf\ue1bf\ue1bf\ue1bf\ue1bf\ue1bf\ue1bf\ue1bf\ue1bf\ue1bf\ue1bf\ue1bf\ue1bf",
				"\ue1bf\ue1bf\ue1bf\ue1bf\ue1bf\ue1bf\ue1bf\ue1bf\ue1bf\ue1bf\ue1bf\ue1bf\ue1bf\ue1bf\ue1bf\ue1bf",
				"\ue1bf\ue1bf\ue1bf\ue1bf\ue1bf\ue1bf\ue1bf\ue1bf\ue1bf\ue1bf\ue1bf\ue1bf\ue1bf\ue1bf\ue1bf\ue1bf"
            ]
        },
        {
            "type": "bitmap",
            "file": "minecraft:font/ascii_customized.png",
            "ascent": -23,
            "chars": [
				"\ue21f\ue21f\ue21f\ue21f\ue21f\ue21f\ue21f\ue21f\ue21f\ue21f\ue21f\ue21f\ue21f\ue21f\ue21f\ue21f",
				"\ue21f\ue21f\ue21f\ue21f\ue21f\ue21f\ue21f\ue21f\ue21f\ue21f\ue21f\ue21f\ue21f\ue21f\ue21f\ue21f",
				"\ue1c0\ue1c1\ue1c2\ue1c3\ue1c4\ue1c5\ue1c6\ue1c7\ue1c8\ue1c9\ue1ca\ue1cb\ue1cc\ue1cd\ue1ce\ue1cf",
				"\ue1d0\ue1d1\ue1d2\ue1d3\ue1d4\ue1d5\ue1d6\ue1d7\ue1d8\ue1d9\ue1da\ue1db\ue1dc\ue1dd\ue1de\ue1df",
				"\ue1e0\ue1e1\ue1e2\ue1e3\ue1e4\ue1e5\ue1e6\ue1e7\ue1e8\ue1e9\ue1ea\ue1eb\ue1ec\ue1ed\ue1ee\ue1ef",
				"\ue1f0\ue1f1\ue1f2\ue1f3\ue1f4\ue1f5\ue1f6\ue1f7\ue1f8\ue1f9\ue1fa\ue1fb\ue1fc\ue1fd\ue1fe\ue1ff",
				"\ue200\ue201\ue202\ue203\ue204\ue205\ue206\ue207\ue208\ue209\ue20a\ue20b\ue20c\ue20d\ue20e\ue20f",
				"\ue210\ue211\ue212\ue213\ue214\ue215\ue216\ue217\ue218\ue219\ue21a\ue21b\ue21c\ue21d\ue21e\ue21f",
				"\ue21f\ue21f\ue21f\ue21f\ue21f\ue21f\ue21f\ue21f\ue21f\ue21f\ue21f\ue21f\ue21f\ue21f\ue21f\ue21f",
				"\ue21f\ue21f\ue21f\ue21f\ue21f\ue21f\ue21f\ue21f\ue21f\ue21f\ue21f\ue21f\ue21f\ue21f\ue21f\ue21f",
				"\ue21f\ue21f\ue21f\ue21f\ue21f\ue21f\ue21f\ue21f\ue21f\ue21f\ue21f\ue21f\ue21f\ue21f\ue21f\ue21f",
				"\ue21f\ue21f\ue21f\ue21f\ue21f\ue21f\ue21f\ue21f\ue21f\ue21f\ue21f\ue21f\ue21f\ue21f\ue21f\ue21f",
				"\ue21f\ue21f\ue21f\ue21f\ue21f\ue21f\ue21f\ue21f\ue21f\ue21f\ue21f\ue21f\ue21f\ue21f\ue21f\ue21f",
				"\ue21f\ue21f\ue21f\ue21f\ue21f\ue21f\ue21f\ue21f\ue21f\ue21f\ue21f\ue21f\ue21f\ue21f\ue21f\ue21f",
				"\ue21f\ue21f\ue21f\ue21f\ue21f\ue21f\ue21f\ue21f\ue21f\ue21f\ue21f\ue21f\ue21f\ue21f\ue21f\ue21f",
				"\ue21f\ue21f\ue21f\ue21f\ue21f\ue21f\ue21f\ue21f\ue21f\ue21f\ue21f\ue21f\ue21f\ue21f\ue21f\ue21f"
            ]
        },
        {
            "type": "bitmap",
            "file": "minecraft:font/ascii_customized.png",
            "ascent": -33,
            "chars": [
				"\ue27f\ue27f\ue27f\ue27f\ue27f\ue27f\ue27f\ue27f\ue27f\ue27f\ue27f\ue27f\ue27f\ue27f\ue27f\ue27f",
				"\ue27f\ue27f\ue27f\ue27f\ue27f\ue27f\ue27f\ue27f\ue27f\ue27f\ue27f\ue27f\ue27f\ue27f\ue27f\ue27f",
				"\ue220\ue221\ue222\ue223\ue224\ue225\ue226\ue227\ue228\ue229\ue22a\ue22b\ue22c\ue22d\ue22e\ue22f",
				"\ue230\ue231\ue232\ue233\ue234\ue235\ue236\ue237\ue238\ue239\ue23a\ue23b\ue23c\ue23d\ue23e\ue23f",
				"\ue240\ue241\ue242\ue243\ue244\ue245\ue246\ue247\ue248\ue249\ue24a\ue24b\ue24c\ue24d\ue24e\ue24f",
				"\ue250\ue251\ue252\ue253\ue254\ue255\ue256\ue257\ue258\ue259\ue25a\ue25b\ue25c\ue25d\ue25e\ue25f",
				"\ue260\ue261\ue262\ue263\ue264\ue265\ue266\ue267\ue268\ue269\ue26a\ue26b\ue26c\ue26d\ue26e\ue26f",
				"\ue270\ue271\ue272\ue273\ue274\ue275\ue276\ue277\ue278\ue279\ue27a\ue27b\ue27c\ue27d\ue27e\ue27f",
				"\ue27f\ue27f\ue27f\ue27f\ue27f\ue27f\ue27f\ue27f\ue27f\ue27f\ue27f\ue27f\ue27f\ue27f\ue27f\ue27f",
				"\ue27f\ue27f\ue27f\ue27f\ue27f\ue27f\ue27f\ue27f\ue27f\ue27f\ue27f\ue27f\ue27f\ue27f\ue27f\ue27f",
				"\ue27f\ue27f\ue27f\ue27f\ue27f\ue27f\ue27f\ue27f\ue27f\ue27f\ue27f\ue27f\ue27f\ue27f\ue27f\ue27f",
				"\ue27f\ue27f\ue27f\ue27f\ue27f\ue27f\ue27f\ue27f\ue27f\ue27f\ue27f\ue27f\ue27f\ue27f\ue27f\ue27f",
				"\ue27f\ue27f\ue27f\ue27f\ue27f\ue27f\ue27f\ue27f\ue27f\ue27f\ue27f\ue27f\ue27f\ue27f\ue27f\ue27f",
				"\ue27f\ue27f\ue27f\ue27f\ue27f\ue27f\ue27f\ue27f\ue27f\ue27f\ue27f\ue27f\ue27f\ue27f\ue27f\ue27f",
				"\ue27f\ue27f\ue27f\ue27f\ue27f\ue27f\ue27f\ue27f\ue27f\ue27f\ue27f\ue27f\ue27f\ue27f\ue27f\ue27f",
				"\ue27f\ue27f\ue27f\ue27f\ue27f\ue27f\ue27f\ue27f\ue27f\ue27f\ue27f\ue27f\ue27f\ue27f\ue27f\ue27f"
            ]
        },
        {
            "type": "bitmap",
            "file": "minecraft:font/ascii_customized.png",
            "ascent": -43,
            "chars": [
				"\ue2df\ue2df\ue2df\ue2df\ue2df\ue2df\ue2df\ue2df\ue2df\ue2df\ue2df\ue2df\ue2df\ue2df\ue2df\ue2df",
				"\ue2df\ue2df\ue2df\ue2df\ue2df\ue2df\ue2df\ue2df\ue2df\ue2df\ue2df\ue2df\ue2df\ue2df\ue2df\ue2df",
				"\ue280\ue281\ue282\ue283\ue284\ue285\ue286\ue287\ue288\ue289\ue28a\ue28b\ue28c\ue28d\ue28e\ue28f",
				"\ue290\ue291\ue292\ue293\ue294\ue295\ue296\ue297\ue298\ue299\ue29a\ue29b\ue29c\ue29d\ue29e\ue29f",
				"\ue2a0\ue2a1\ue2a2\ue2a3\ue2a4\ue2a5\ue2a6\ue2a7\ue2a8\ue2a9\ue2aa\ue2ab\ue2ac\ue2ad\ue2ae\ue2af",
				"\ue2b0\ue2b1\ue2b2\ue2b3\ue2b4\ue2b5\ue2b6\ue2b7\ue2b8\ue2b9\ue2ba\ue2bb\ue2bc\ue2bd\ue2be\ue2bf",
				"\ue2c0\ue2c1\ue2c2\ue2c3\ue2c4\ue2c5\ue2c6\ue2c7\ue2c8\ue2c9\ue2ca\ue2cb\ue2cc\ue2cd\ue2ce\ue2cf",
				"\ue2d0\ue2d1\ue2d2\ue2d3\ue2d4\ue2d5\ue2d6\ue2d7\ue2d8\ue2d9\ue2da\ue2db\ue2dc\ue2dd\ue2de\ue2df",
				"\ue2df\ue2df\ue2df\ue2df\ue2df\ue2df\ue2df\ue2df\ue2df\ue2df\ue2df\ue2df\ue2df\ue2df\ue2df\ue2df",
				"\ue2df\ue2df\ue2df\ue2df\ue2df\ue2df\ue2df\ue2df\ue2df\ue2df\ue2df\ue2df\ue2df\ue2df\ue2df\ue2df",
				"\ue2df\ue2df\ue2df\ue2df\ue2df\ue2df\ue2df\ue2df\ue2df\ue2df\ue2df\ue2df\ue2df\ue2df\ue2df\ue2df",
				"\ue2df\ue2df\ue2df\ue2df\ue2df\ue2df\ue2df\ue2df\ue2df\ue2df\ue2df\ue2df\ue2df\ue2df\ue2df\ue2df",
				"\ue2df\ue2df\ue2df\ue2df\ue2df\ue2df\ue2df\ue2df\ue2df\ue2df\ue2df\ue2df\ue2df\ue2df\ue2df\ue2df",
				"\ue2df\ue2df\ue2df\ue2df\ue2df\ue2df\ue2df\ue2df\ue2df\ue2df\ue2df\ue2df\ue2df\ue2df\ue2df\ue2df",
				"\ue2df\ue2df\ue2df\ue2df\ue2df\ue2df\ue2df\ue2df\ue2df\ue2df\ue2df\ue2df\ue2df\ue2df\ue2df\ue2df",
				"\ue2df\ue2df\ue2df\ue2df\ue2df\ue2df\ue2df\ue2df\ue2df\ue2df\ue2df\ue2df\ue2df\ue2df\ue2df\ue2df"
            ]
        },
		{
			"type": "bitmap",
			"file": "minecraft:font/guis/pass.png",
			"ascent": 18,
			"height": 256,
			"chars": ["\ue000"]
		},
		{
			"type": "bitmap",
			"file": "minecraft:font/aqua_buttons.png",
			"ascent": -16,
			"height": 256,
			"chars": ["\ue001"]
		},
		{
			"type": "bitmap",
			"file": "minecraft:font/gold_buttons.png",
			"ascent": -16,
			"height": 256,
			"chars": ["\ue002"]
		},
		{
			"type": "bitmap",
			"file": "minecraft:font/gray_buttons.png",
			"ascent": -16,
			"height": 256,
			"chars": ["\ue003"]
		},
		{
			"type": "bitmap",
			"file": "minecraft:font/guis/cosmetic_inside.png",
			"ascent": 18,
			"height": 256,
			"chars": ["\ue004"]
		},
		{
			"type": "bitmap",
			"file": "minecraft:font/guis/task.png",
			"ascent": 18,
			"height": 256,
			"chars": ["\ue005"]
		},
		{
			"type": "bitmap",
			"file": "minecraft:font/ruby_icon.png",
			"ascent": 9,
			"height": 10,
			"chars": ["\ue006"]
		},
		{
			"type": "bitmap",
			"file": "minecraft:font/lime_buttons.png",
			"ascent": -16,
			"height": 256,
			"chars": ["\ue007"]
		},
		{
			"type": "bitmap",
			"file": "minecraft:font/magenta_buttons.png",
			"ascent": -16,
			"height": 256,
			"chars": ["\ue008"]
		},
		{
			"type": "bitmap",
			"file": "minecraft:font/guis/one_task.png",
			"ascent": 18,
			"height": 256,
			"chars": ["\ue009"]
		},
		{
			"type": "bitmap",
			"file": "minecraft:font/guis/row_inside.png",
			"ascent": 18,
			"height": 256,
			"chars": ["\ue00a"]
		},
		{
			"type": "bitmap",
			"file": "minecraft:font/red_buttons.png",
			"ascent": -16,
			"height": 256,
			"chars": ["\ue00b"]
		},
		{
			"type": "bitmap",
			"file": "minecraft:font/splitter_side.png",
			"ascent": 9,
			"height": 10,
			"chars": ["\ue00c"]
		},
		{
			"type": "bitmap",
			"file": "minecraft:font/splitter_fit.png",
			"ascent": 9,
			"height": 10,
			"chars": ["\ue00d"]
		},
		{
			"type": "bitmap",
			"file": "minecraft:font/splitter_mid.png",
			"ascent": 9,
			"height": 10,
			"chars": ["\ue00e"]
		},
		{
			"type": "bitmap",
			"file": "minecraft:font/clock.png",
			"ascent": 9,
			"height": 10,
			"chars": ["\ue00f"]
		},
		{
			"type": "bitmap",
			"file": "minecraft:font/compass.png",
			"ascent": 9,
			"height": 10,
			"chars": ["\ue010"]
		},
		{
			"type": "bitmap",
			"file": "minecraft:font/shift.png",
			"ascent": 7,
			"height": 8,
			"chars": ["\ue011"]
		},
		{
			"type": "bitmap",
			"file": "minecraft:font/lcm.png",
			"ascent": 7,
			"height": 8,
			"chars": ["\ue012"]
		},
		{
			"type": "bitmap",
			"file": "minecraft:font/mcm.png",
			"ascent": 7,
			"height": 8,
			"chars": ["\ue013"]
		},
		{
			"type": "bitmap",
			"file": "minecraft:font/rcm.png",
			"ascent": 7,
			"height": 8,
			"chars": ["\ue014"]
		},
		{
			"type": "bitmap",
			"file": "minecraft:font/minecraft_title.png",
			"ascent": 256,
			"height": 256,
			"chars": ["\ue015"]
		},
		{
			"type": "bitmap",
			"file": "minecraft:font/guis/editor.png",
			"ascent": 18,
			"height": 256,
			"chars": ["\ue016"]
		},
		{
			"type": "bitmap",
			"file": "minecraft:font/tags/newbie.png",
			"ascent": 7,
			"height": 8,
			"chars": ["\ue017"]
		},
		{
			"type": "bitmap",
			"file": "minecraft:font/tags/1.png",
			"ascent": 7,
			"height": 8,
			"chars": ["\ue018"]
		},
		{
			"type": "bitmap",
			"file": "minecraft:font/tags/2.png",
			"ascent": 7,
			"height": 8,
			"chars": ["\ue019"]
		},
		{
			"type": "bitmap",
			"file": "minecraft:font/tags/3.png",
			"ascent": 7,
			"height": 8,
			"chars": ["\ue01a"]
		},
		{
			"type": "bitmap",
			"file": "minecraft:font/tags/4.png",
			"ascent": 7,
			"height": 8,
			"chars": ["\ue01b"]
		},
		{
			"type": "bitmap",
			"file": "minecraft:font/tags/5.png",
			"ascent": 7,
			"height": 8,
			"chars": ["\ue01c"]
		},
		{
			"type": "bitmap",
			"file": "minecraft:font/tags/6.png",
			"ascent": 7,
			"height": 8,
			"chars": ["\ue01d"]
		},
		{
			"type": "bitmap",
			"file": "minecraft:font/tags/7.png",
			"ascent": 7,
			"height": 8,
			"chars": ["\ue01e"]
		},
		{
			"type": "bitmap",
			"file": "minecraft:font/tags/8.png",
			"ascent": 7,
			"height": 8,
			"chars": ["\ue01f"]
		},
		{
			"type": "bitmap",
			"file": "minecraft:font/tags/9.png",
			"ascent": 7,
			"height": 8,
			"chars": ["\ue020"]
		},
		{
			"type": "bitmap",
			"file": "minecraft:font/tags/10.png",
			"ascent": 7,
			"height": 8,
			"chars": ["\ue021"]
		},
		{
			"type": "bitmap",
			"file": "minecraft:font/tags/11.png",
			"ascent": 7,
			"height": 8,
			"chars": ["\ue022"]
		},
		{
			"type": "bitmap",
			"file": "minecraft:font/tags/12.png",
			"ascent": 7,
			"height": 8,
			"chars": ["\ue023"]
		},
		{
			"type": "bitmap",
			"file": "minecraft:font/tags/13.png",
			"ascent": 7,
			"height": 8,
			"chars": ["\ue024"]
		},
		{
			"type": "bitmap",
			"file": "minecraft:font/tags/14.png",
			"ascent": 7,
			"height": 8,
			"chars": ["\ue025"]
		},
		{
			"type": "bitmap",
			"file": "minecraft:font/tags/15.png",
			"ascent": 7,
			"height": 8,
			"chars": ["\ue026"]
		},
		{
			"type": "bitmap",
			"file": "minecraft:font/tags/16.png",
			"ascent": 7,
			"height": 8,
			"chars": ["\ue027"]
		},
		{
			"type": "bitmap",
			"file": "minecraft:font/tags/17.png",
			"ascent": 7,
			"height": 8,
			"chars": ["\ue028"]
		},
		{
			"type": "bitmap",
			"file": "minecraft:font/tags/18.png",
			"ascent": 7,
			"height": 8,
			"chars": ["\ue029"]
		},
		{
			"type": "bitmap",
			"file": "minecraft:font/tags/19.png",
			"ascent": 7,
			"height": 8,
			"chars": ["\ue02a"]
		},
		{
			"type": "bitmap",
			"file": "minecraft:font/tags/20.png",
			"ascent": 7,
			"height": 8,
			"chars": ["\ue02b"]
		},
		{
			"type": "bitmap",
			"file": "minecraft:font/tags/famous.png",
			"ascent": 7,
			"height": 8,
			"chars": ["\ue02c"]
		},
		{
			"type": "bitmap",
			"file": "minecraft:font/tags/helper.png",
			"ascent": 7,
			"height": 8,
			"chars": ["\ue02d"]
		},
		{
			"type": "bitmap",
			"file": "minecraft:font/tags/owner.png",
			"ascent": 7,
			"height": 8,
			"chars": ["\ue02e"]
		},
		{
			"type": "bitmap",
			"file": "minecraft:font/minecraft_title.png",
			"ascent": 20,
			"height": 64,
			"chars": ["\ue02f"]
		},
		{
			"type": "bitmap",
			"file": "minecraft:font/guis/duty.png",
			"ascent": 18,
			"height": 256,
			"chars": ["\ue030"]
		}
	]
}