{
	"providers": [
		{
			"type": "bitmap",
			"file": "minecraft:font/guis/page_1_3.png",
			"ascent": 13,
			"height": 256,
			"chars": ["\ue000"]
		},
		{
			"type": "bitmap",
			"file": "minecraft:font/aqua_buttons.png",
			"ascent": -16,
			"height": 256,
			"chars": ["\ue001"]
		},
		{
			"type": "bitmap",
			"file": "minecraft:font/gold_buttons.png",
			"ascent": -16,
			"height": 256,
			"chars": ["\ue002"]
		},
		{
			"type": "bitmap",
			"file": "minecraft:font/gray_buttons.png",
			"ascent": -16,
			"height": 256,
			"chars": ["\ue003"]
		},
		{
			"type": "bitmap",
			"file": "minecraft:font/guis/page_2_3.png",
			"ascent": 13,
			"height": 256,
			"chars": ["\ue004"]
		},
		{
			"type": "bitmap",
			"file": "minecraft:font/guis/page_3_3.png",
			"ascent": 13,
			"height": 256,
			"chars": ["\ue005"]
		},
		{
			"type": "bitmap",
			"file": "minecraft:font/ruby_icon.png",
			"ascent": 9,
			"height": 10,
			"chars": ["\ue006"]
		},
		{
			"type": "bitmap",
			"file": "minecraft:font/lime_buttons.png",
			"ascent": -16,
			"height": 256,
			"chars": ["\ue007"]
		},
		{
			"type": "bitmap",
			"file": "minecraft:font/magenta_buttons.png",
			"ascent": -16,
			"height": 256,
			"chars": ["\ue008"]
		},
		{
			"type": "bitmap",
			"file": "minecraft:font/skin/promoter.png",
			"ascent": -15,
			"height": 64,
			"chars": ["\ue009"]
		},
		{
			"type": "bitmap",
			"file": "minecraft:font/skin/artisan.png",
			"ascent": -15,
			"height": 64,
			"chars": ["\ue00a"]
		},
		{
			"type": "bitmap",
			"file": "minecraft:font/red_buttons.png",
			"ascent": -16,
			"height": 256,
			"chars": ["\ue00b"]
		},
		{
			"type": "bitmap",
			"file": "minecraft:font/splitter_side.png",
			"ascent": 9,
			"height": 10,
			"chars": ["\ue00c"]
		},
		{
			"type": "bitmap",
			"file": "minecraft:font/splitter_fit.png",
			"ascent": 9,
			"height": 10,
			"chars": ["\ue00d"]
		},
		{
			"type": "bitmap",
			"file": "minecraft:font/splitter_mid.png",
			"ascent": 9,
			"height": 10,
			"chars": ["\ue00e"]
		},
		{
			"type": "bitmap",
			"file": "minecraft:font/clock.png",
			"ascent": 9,
			"height": 10,
			"chars": ["\ue00f"]
		},
		{
			"type": "bitmap",
			"file": "minecraft:font/compass.png",
			"ascent": 9,
			"height": 10,
			"chars": ["\ue010"]
		},
		{
			"type": "bitmap",
			"file": "minecraft:font/shift.png",
			"ascent": 7,
			"height": 8,
			"chars": ["\ue011"]
		},
		{
			"type": "bitmap",
			"file": "minecraft:font/lcm.png",
			"ascent": 7,
			"height": 8,
			"chars": ["\ue012"]
		},
		{
			"type": "bitmap",
			"file": "minecraft:font/mcm.png",
			"ascent": 7,
			"height": 8,
			"chars": ["\ue013"]
		},
		{
			"type": "bitmap",
			"file": "minecraft:font/rcm.png",
			"ascent": 7,
			"height": 8,
			"chars": ["\ue014"]
		},
		{
			"type": "bitmap",
			"file": "minecraft:font/minecraft_title.png",
			"ascent": 256,
			"height": 256,
			"chars": ["\ue015"]
		},
		{
			"type": "bitmap",
			"file": "minecraft:font/skin/archaeologist.png",
			"ascent": -15,
			"height": 64,
			"chars": ["\ue016"]
		},
		{
			"type": "bitmap",
			"file": "minecraft:font/tags/newbie.png",
			"ascent": 7,
			"height": 8,
			"chars": ["\ue017"]
		},
		{
			"type": "bitmap",
			"file": "minecraft:font/tags/1.png",
			"ascent": 7,
			"height": 8,
			"chars": ["\ue018"]
		},
		{
			"type": "bitmap",
			"file": "minecraft:font/tags/2.png",
			"ascent": 7,
			"height": 8,
			"chars": ["\ue019"]
		},
		{
			"type": "bitmap",
			"file": "minecraft:font/tags/3.png",
			"ascent": 7,
			"height": 8,
			"chars": ["\ue01a"]
		},
		{
			"type": "bitmap",
			"file": "minecraft:font/tags/4.png",
			"ascent": 7,
			"height": 8,
			"chars": ["\ue01b"]
		},
		{
			"type": "bitmap",
			"file": "minecraft:font/tags/5.png",
			"ascent": 7,
			"height": 8,
			"chars": ["\ue01c"]
		},
		{
			"type": "bitmap",
			"file": "minecraft:font/tags/6.png",
			"ascent": 7,
			"height": 8,
			"chars": ["\ue01d"]
		},
		{
			"type": "bitmap",
			"file": "minecraft:font/tags/7.png",
			"ascent": 7,
			"height": 8,
			"chars": ["\ue01e"]
		},
		{
			"type": "bitmap",
			"file": "minecraft:font/tags/8.png",
			"ascent": 7,
			"height": 8,
			"chars": ["\ue01f"]
		},
		{
			"type": "bitmap",
			"file": "minecraft:font/tags/9.png",
			"ascent": 7,
			"height": 8,
			"chars": ["\ue020"]
		},
		{
			"type": "bitmap",
			"file": "minecraft:font/tags/10.png",
			"ascent": 7,
			"height": 8,
			"chars": ["\ue021"]
		},
		{
			"type": "bitmap",
			"file": "minecraft:font/tags/11.png",
			"ascent": 7,
			"height": 8,
			"chars": ["\ue022"]
		},
		{
			"type": "bitmap",
			"file": "minecraft:font/tags/12.png",
			"ascent": 7,
			"height": 8,
			"chars": ["\ue023"]
		},
		{
			"type": "bitmap",
			"file": "minecraft:font/tags/13.png",
			"ascent": 7,
			"height": 8,
			"chars": ["\ue024"]
		},
		{
			"type": "bitmap",
			"file": "minecraft:font/tags/14.png",
			"ascent": 7,
			"height": 8,
			"chars": ["\ue025"]
		},
		{
			"type": "bitmap",
			"file": "minecraft:font/tags/15.png",
			"ascent": 7,
			"height": 8,
			"chars": ["\ue026"]
		},
		{
			"type": "bitmap",
			"file": "minecraft:font/tags/16.png",
			"ascent": 7,
			"height": 8,
			"chars": ["\ue027"]
		},
		{
			"type": "bitmap",
			"file": "minecraft:font/tags/17.png",
			"ascent": 7,
			"height": 8,
			"chars": ["\ue028"]
		},
		{
			"type": "bitmap",
			"file": "minecraft:font/tags/18.png",
			"ascent": 7,
			"height": 8,
			"chars": ["\ue029"]
		},
		{
			"type": "bitmap",
			"file": "minecraft:font/tags/19.png",
			"ascent": 7,
			"height": 8,
			"chars": ["\ue02a"]
		},
		{
			"type": "bitmap",
			"file": "minecraft:font/tags/20.png",
			"ascent": 7,
			"height": 8,
			"chars": ["\ue02b"]
		},
		{
			"type": "bitmap",
			"file": "minecraft:font/tags/famous.png",
			"ascent": 7,
			"height": 8,
			"chars": ["\ue02c"]
		},
		{
			"type": "bitmap",
			"file": "minecraft:font/tags/helper.png",
			"ascent": 7,
			"height": 8,
			"chars": ["\ue02d"]
		},
		{
			"type": "bitmap",
			"file": "minecraft:font/tags/owner.png",
			"ascent": 7,
			"height": 8,
			"chars": ["\ue02e"]
		},
		{
			"type": "bitmap",
			"file": "minecraft:font/minecraft_title.png",
			"ascent": 20,
			"height": 64,
			"chars": ["\ue02f"]
		},
		{
			"type": "bitmap",
			"file": "minecraft:font/skin/boutiqueseller.png",
			"ascent": -15,
			"height": 64,
			"chars": ["\ue030"]
		},
		{
			"type": "bitmap",
			"file": "minecraft:font/guis/c_page_1_3.png",
			"ascent": 13,
			"height": 256,
			"chars": ["\ue031"]
		},
		{
			"type": "bitmap",
			"file": "minecraft:font/skin/deliverylady.png",
			"ascent": -15,
			"height": 64,
			"chars": ["\ue032"]
		},
		{
			"type": "bitmap",
			"file": "minecraft:font/skin/fortuneteller.png",
			"ascent": -15,
			"height": 64,
			"chars": ["\ue033"]
		},
		{
			"type": "bitmap",
			"file": "minecraft:font/skin/jeweler.png",
			"ascent": -15,
			"height": 64,
			"chars": ["\ue034"]
		},
		{
			"type": "bitmap",
			"file": "minecraft:font/skin/priest.png",
			"ascent": -15,
			"height": 64,
			"chars": ["\ue035"]
		},
		{
			"type": "bitmap",
			"file": "minecraft:font/guis/c_page_2_3.png",
			"ascent": 13,
			"height": 256,
			"chars": ["\ue036"]
		},
		{
			"type": "bitmap",
			"file": "minecraft:font/guis/editor_5.png",
			"ascent": 13,
			"height": 256,
			"chars": ["\ue037"]
		},
		{
			"type": "bitmap",
			"file": "minecraft:font/guis/rewards_1_3.png",
			"ascent": 13,
			"height": 256,
			"chars": ["\ue038"]
		},
		{
			"type": "bitmap",
			"file": "minecraft:font/guis/promoter_1_3.png",
			"ascent": 13,
			"height": 256,
			"chars": ["\ue039"]
		},
		{
			"type": "bitmap",
			"file": "minecraft:font/guis/crate_1_3.png",
			"ascent": 13,
			"height": 256,
			"chars": ["\ue03a"]
		},
		{
			"type": "bitmap",
			"file": "minecraft:font/skin/rare_crate.png",
			"ascent": -15,
			"height": 32,
			"chars": ["\ue03b"]
		},
		{
			"type": "bitmap",
			"file": "minecraft:font/skin/epic_crate.png",
			"ascent": -15,
			"height": 32,
			"chars": ["\ue03c"]
		},
		{
			"type": "bitmap",
			"file": "minecraft:font/skin/legendary_crate.png",
			"ascent": -15,
			"height": 32,
			"chars": ["\ue03d"]
		},
		{
			"type": "bitmap",
			"file": "minecraft:font/guis/auction_2.png",
			"ascent": 13,
			"height": 256,
			"chars": ["\ue03e"]
		},
		{
			"type": "bitmap",
			"file": "minecraft:font/guis/fish_journey.png",
			"ascent": -3,
			"height": 256,
			"chars": ["\ue03f"]
		},
		{
			"type": "bitmap",
			"file": "minecraft:font/displays/artisan_stand.png",
			"ascent": 256,
			"height": 256,
			"chars": ["\ue040"]
		},
		{
			"type": "bitmap",
			"file": "minecraft:font/displays/auction_house.png",
			"ascent": 256,
			"height": 256,
			"chars": ["\ue041"]
		},
		{
			"type": "bitmap",
			"file": "minecraft:font/displays/boutique_shop.png",
			"ascent": 256,
			"height": 256,
			"chars": ["\ue042"]
		},
		{
			"type": "bitmap",
			"file": "minecraft:font/displays/chest_stand.png",
			"ascent": 256,
			"height": 256,
			"chars": ["\ue043"]
		},
		{
			"type": "bitmap",
			"file": "minecraft:font/displays/delivery_stand.png",
			"ascent": 256,
			"height": 256,
			"chars": ["\ue044"]
		},
		{
			"type": "bitmap",
			"file": "minecraft:font/displays/forgotten_museum.png",
			"ascent": 256,
			"height": 256,
			"chars": ["\ue045"]
		},
		{
			"type": "bitmap",
			"file": "minecraft:font/displays/lost_chapel.png",
			"ascent": 256,
			"height": 256,
			"chars": ["\ue046"]
		},
		{
			"type": "bitmap",
			"file": "minecraft:font/displays/smithing_stand.png",
			"ascent": 256,
			"height": 256,
			"chars": ["\ue047"]
		},
		{
			"type": "bitmap",
			"file": "minecraft:font/guis/bank_1_3.png",
			"ascent": 31,
			"height": 256,
			"chars": ["\ue048"]
		},
		{
			"type": "bitmap",
			"file": "minecraft:font/skin/treasurer.png",
			"ascent": 3,
			"height": 64,
			"chars": ["\ue049"]
		}
	]
}