{
	"providers": [
        {
            "type": "bitmap",
            "file": "minecraft:font/ascii_customized.png",
            "ascent": -11,
            "chars": [
				"\ue27f\ue27f\ue27f\ue27f\ue27f\ue27f\ue27f\ue27f\ue27f\ue27f\ue27f\ue27f\ue27f\ue27f\ue27f\ue27f",
				"\ue27f\ue27f\ue27f\ue27f\ue27f\ue27f\ue27f\ue27f\ue27f\ue27f\ue27f\ue27f\ue27f\ue27f\ue27f\ue27f",
				"\ue220\ue221\ue222\ue223\ue224\ue225\ue226\ue227\ue228\ue229\ue22a\ue22b\ue22c\ue22d\ue22e\ue22f",
				"\ue230\ue231\ue232\ue233\ue234\ue235\ue236\ue237\ue238\ue239\ue23a\ue23b\ue23c\ue23d\ue23e\ue23f",
				"\ue240\ue241\ue242\ue243\ue244\ue245\ue246\ue247\ue248\ue249\ue24a\ue24b\ue24c\ue24d\ue24e\ue24f",
				"\ue250\ue251\ue252\ue253\ue254\ue255\ue256\ue257\ue258\ue259\ue25a\ue25b\ue25c\ue25d\ue25e\ue25f",
				"\ue260\ue261\ue262\ue263\ue264\ue265\ue266\ue267\ue268\ue269\ue26a\ue26b\ue26c\ue26d\ue26e\ue26f",
				"\ue270\ue271\ue272\ue273\ue274\ue275\ue276\ue277\ue278\ue279\ue27a\ue27b\ue27c\ue27d\ue27e\ue27f",
				"\ue27f\ue27f\ue27f\ue27f\ue27f\ue27f\ue27f\ue27f\ue27f\ue27f\ue27f\ue27f\ue27f\ue27f\ue27f\ue27f",
				"\ue27f\ue27f\ue27f\ue27f\ue27f\ue27f\ue27f\ue27f\ue27f\ue27f\ue27f\ue27f\ue27f\ue27f\ue27f\ue27f",
				"\ue27f\ue27f\ue27f\ue27f\ue27f\ue27f\ue27f\ue27f\ue27f\ue27f\ue27f\ue27f\ue27f\ue27f\ue27f\ue27f",
				"\ue27f\ue27f\ue27f\ue27f\ue27f\ue27f\ue27f\ue27f\ue27f\ue27f\ue27f\ue27f\ue27f\ue27f\ue27f\ue27f",
				"\ue27f\ue27f\ue27f\ue27f\ue27f\ue27f\ue27f\ue27f\ue27f\ue27f\ue27f\ue27f\ue27f\ue27f\ue27f\ue27f",
				"\ue27f\ue27f\ue27f\ue27f\ue27f\ue27f\ue27f\ue27f\ue27f\ue27f\ue27f\ue27f\ue27f\ue27f\ue27f\ue27f",
				"\ue27f\ue27f\ue27f\ue27f\ue27f\ue27f\ue27f\ue27f\ue27f\ue27f\ue27f\ue27f\ue27f\ue27f\ue27f\ue27f",
				"\ue27f\ue27f\ue27f\ue27f\ue27f\ue27f\ue27f\ue27f\ue27f\ue27f\ue27f\ue27f\ue27f\ue27f\ue27f\ue27f"
            ]
        },
        {
            "type": "bitmap",
            "file": "minecraft:font/ascii_customized.png",
            "ascent": -65,
            "chars": [
				"\ue2df\ue2df\ue2df\ue2df\ue2df\ue2df\ue2df\ue2df\ue2df\ue2df\ue2df\ue2df\ue2df\ue2df\ue2df\ue2df",
				"\ue2df\ue2df\ue2df\ue2df\ue2df\ue2df\ue2df\ue2df\ue2df\ue2df\ue2df\ue2df\ue2df\ue2df\ue2df\ue2df",
				"\ue280\ue281\ue282\ue283\ue284\ue285\ue286\ue287\ue288\ue289\ue28a\ue28b\ue28c\ue28d\ue28e\ue28f",
				"\ue290\ue291\ue292\ue293\ue294\ue295\ue296\ue297\ue298\ue299\ue29a\ue29b\ue29c\ue29d\ue29e\ue29f",
				"\ue2a0\ue2a1\ue2a2\ue2a3\ue2a4\ue2a5\ue2a6\ue2a7\ue2a8\ue2a9\ue2aa\ue2ab\ue2ac\ue2ad\ue2ae\ue2af",
				"\ue2b0\ue2b1\ue2b2\ue2b3\ue2b4\ue2b5\ue2b6\ue2b7\ue2b8\ue2b9\ue2ba\ue2bb\ue2bc\ue2bd\ue2be\ue2bf",
				"\ue2c0\ue2c1\ue2c2\ue2c3\ue2c4\ue2c5\ue2c6\ue2c7\ue2c8\ue2c9\ue2ca\ue2cb\ue2cc\ue2cd\ue2ce\ue2cf",
				"\ue2d0\ue2d1\ue2d2\ue2d3\ue2d4\ue2d5\ue2d6\ue2d7\ue2d8\ue2d9\ue2da\ue2db\ue2dc\ue2dd\ue2de\ue2df",
				"\ue2df\ue2df\ue2df\ue2df\ue2df\ue2df\ue2df\ue2df\ue2df\ue2df\ue2df\ue2df\ue2df\ue2df\ue2df\ue2df",
				"\ue2df\ue2df\ue2df\ue2df\ue2df\ue2df\ue2df\ue2df\ue2df\ue2df\ue2df\ue2df\ue2df\ue2df\ue2df\ue2df",
				"\ue2df\ue2df\ue2df\ue2df\ue2df\ue2df\ue2df\ue2df\ue2df\ue2df\ue2df\ue2df\ue2df\ue2df\ue2df\ue2df",
				"\ue2df\ue2df\ue2df\ue2df\ue2df\ue2df\ue2df\ue2df\ue2df\ue2df\ue2df\ue2df\ue2df\ue2df\ue2df\ue2df",
				"\ue2df\ue2df\ue2df\ue2df\ue2df\ue2df\ue2df\ue2df\ue2df\ue2df\ue2df\ue2df\ue2df\ue2df\ue2df\ue2df",
				"\ue2df\ue2df\ue2df\ue2df\ue2df\ue2df\ue2df\ue2df\ue2df\ue2df\ue2df\ue2df\ue2df\ue2df\ue2df\ue2df",
				"\ue2df\ue2df\ue2df\ue2df\ue2df\ue2df\ue2df\ue2df\ue2df\ue2df\ue2df\ue2df\ue2df\ue2df\ue2df\ue2df",
				"\ue2df\ue2df\ue2df\ue2df\ue2df\ue2df\ue2df\ue2df\ue2df\ue2df\ue2df\ue2df\ue2df\ue2df\ue2df\ue2df"
            ]
        },
		{
			"type": "bitmap",
			"file": "minecraft:font/guis/page_1_3.png",
			"ascent": 13,
			"height": 256,
			"chars": ["\ue000"]
		},
		{
			"type": "bitmap",
			"file": "minecraft:font/aqua_buttons.png",
			"ascent": -16,
			"height": 256,
			"chars": ["\ue001"]
		},
		{
			"type": "bitmap",
			"file": "minecraft:font/gold_buttons.png",
			"ascent": -16,
			"height": 256,
			"chars": ["\ue002"]
		},
		{
			"type": "bitmap",
			"file": "minecraft:font/gray_buttons.png",
			"ascent": -16,
			"height": 256,
			"chars": ["\ue003"]
		},
		{
			"type": "bitmap",
			"file": "minecraft:font/guis/page_2_3.png",
			"ascent": 13,
			"height": 256,
			"chars": ["\ue004"]
		},
		{
			"type": "bitmap",
			"file": "minecraft:font/guis/page_3_3.png",
			"ascent": 13,
			"height": 256,
			"chars": ["\ue005"]
		},
		{
			"type": "bitmap",
			"file": "minecraft:font/ruby_icon.png",
			"ascent": 9,
			"height": 10,
			"chars": ["\ue006"]
		},
		{
			"type": "bitmap",
			"file": "minecraft:font/lime_buttons.png",
			"ascent": -16,
			"height": 256,
			"chars": ["\ue007"]
		},
		{
			"type": "bitmap",
			"file": "minecraft:font/magenta_buttons.png",
			"ascent": -16,
			"height": 256,
			"chars": ["\ue008"]
		},
		{
			"type": "bitmap",
			"file": "minecraft:font/skin/promoter.png",
			"ascent": -15,
			"height": 64,
			"chars": ["\ue009"]
		},
		{
			"type": "bitmap",
			"file": "minecraft:font/skin/artisan.png",
			"ascent": -15,
			"height": 64,
			"chars": ["\ue00a"]
		},
		{
			"type": "bitmap",
			"file": "minecraft:font/red_buttons.png",
			"ascent": -16,
			"height": 256,
			"chars": ["\ue00b"]
		},
		{
			"type": "bitmap",
			"file": "minecraft:font/splitter_side.png",
			"ascent": 9,
			"height": 10,
			"chars": ["\ue00c"]
		},
		{
			"type": "bitmap",
			"file": "minecraft:font/splitter_fit.png",
			"ascent": 9,
			"height": 10,
			"chars": ["\ue00d"]
		},
		{
			"type": "bitmap",
			"file": "minecraft:font/splitter_mid.png",
			"ascent": 9,
			"height": 10,
			"chars": ["\ue00e"]
		},
		{
			"type": "bitmap",
			"file": "minecraft:font/clock.png",
			"ascent": 9,
			"height": 10,
			"chars": ["\ue00f"]
		},
		{
			"type": "bitmap",
			"file": "minecraft:font/compass.png",
			"ascent": 9,
			"height": 10,
			"chars": ["\ue010"]
		},
		{
			"type": "bitmap",
			"file": "minecraft:font/shift.png",
			"ascent": 7,
			"height": 8,
			"chars": ["\ue011"]
		},
		{
			"type": "bitmap",
			"file": "minecraft:font/lcm.png",
			"ascent": 7,
			"height": 8,
			"chars": ["\ue012"]
		},
		{
			"type": "bitmap",
			"file": "minecraft:font/mcm.png",
			"ascent": 7,
			"height": 8,
			"chars": ["\ue013"]
		},
		{
			"type": "bitmap",
			"file": "minecraft:font/rcm.png",
			"ascent": 7,
			"height": 8,
			"chars": ["\ue014"]
		},
		{
			"type": "bitmap",
			"file": "minecraft:font/minecraft_title.png",
			"ascent": 256,
			"height": 256,
			"chars": ["\ue015"]
		},
		{
			"type": "bitmap",
			"file": "minecraft:font/skin/archaeologist.png",
			"ascent": -15,
			"height": 64,
			"chars": ["\ue016"]
		},
		{
			"type": "bitmap",
			"file": "minecraft:font/tags/newbie.png",
			"ascent": 7,
			"height": 8,
			"chars": ["\ue017"]
		},
		{
			"type": "bitmap",
			"file": "minecraft:font/tags/1.png",
			"ascent": 7,
			"height": 8,
			"chars": ["\ue018"]
		},
		{
			"type": "bitmap",
			"file": "minecraft:font/tags/2.png",
			"ascent": 7,
			"height": 8,
			"chars": ["\ue019"]
		},
		{
			"type": "bitmap",
			"file": "minecraft:font/tags/3.png",
			"ascent": 7,
			"height": 8,
			"chars": ["\ue01a"]
		},
		{
			"type": "bitmap",
			"file": "minecraft:font/tags/4.png",
			"ascent": 7,
			"height": 8,
			"chars": ["\ue01b"]
		},
		{
			"type": "bitmap",
			"file": "minecraft:font/tags/5.png",
			"ascent": 7,
			"height": 8,
			"chars": ["\ue01c"]
		},
		{
			"type": "bitmap",
			"file": "minecraft:font/tags/6.png",
			"ascent": 7,
			"height": 8,
			"chars": ["\ue01d"]
		},
		{
			"type": "bitmap",
			"file": "minecraft:font/tags/7.png",
			"ascent": 7,
			"height": 8,
			"chars": ["\ue01e"]
		},
		{
			"type": "bitmap",
			"file": "minecraft:font/tags/8.png",
			"ascent": 7,
			"height": 8,
			"chars": ["\ue01f"]
		},
		{
			"type": "bitmap",
			"file": "minecraft:font/tags/9.png",
			"ascent": 7,
			"height": 8,
			"chars": ["\ue020"]
		},
		{
			"type": "bitmap",
			"file": "minecraft:font/tags/10.png",
			"ascent": 7,
			"height": 8,
			"chars": ["\ue021"]
		},
		{
			"type": "bitmap",
			"file": "minecraft:font/tags/11.png",
			"ascent": 7,
			"height": 8,
			"chars": ["\ue022"]
		},
		{
			"type": "bitmap",
			"file": "minecraft:font/tags/12.png",
			"ascent": 7,
			"height": 8,
			"chars": ["\ue023"]
		},
		{
			"type": "bitmap",
			"file": "minecraft:font/tags/13.png",
			"ascent": 7,
			"height": 8,
			"chars": ["\ue024"]
		},
		{
			"type": "bitmap",
			"file": "minecraft:font/tags/14.png",
			"ascent": 7,
			"height": 8,
			"chars": ["\ue025"]
		},
		{
			"type": "bitmap",
			"file": "minecraft:font/tags/15.png",
			"ascent": 7,
			"height": 8,
			"chars": ["\ue026"]
		},
		{
			"type": "bitmap",
			"file": "minecraft:font/tags/16.png",
			"ascent": 7,
			"height": 8,
			"chars": ["\ue027"]
		},
		{
			"type": "bitmap",
			"file": "minecraft:font/tags/17.png",
			"ascent": 7,
			"height": 8,
			"chars": ["\ue028"]
		},
		{
			"type": "bitmap",
			"file": "minecraft:font/tags/18.png",
			"ascent": 7,
			"height": 8,
			"chars": ["\ue029"]
		},
		{
			"type": "bitmap",
			"file": "minecraft:font/tags/19.png",
			"ascent": 7,
			"height": 8,
			"chars": ["\ue02a"]
		},
		{
			"type": "bitmap",
			"file": "minecraft:font/tags/20.png",
			"ascent": 7,
			"height": 8,
			"chars": ["\ue02b"]
		},
		{
			"type": "bitmap",
			"file": "minecraft:font/tags/famous.png",
			"ascent": 7,
			"height": 8,
			"chars": ["\ue02c"]
		},
		{
			"type": "bitmap",
			"file": "minecraft:font/tags/helper.png",
			"ascent": 7,
			"height": 8,
			"chars": ["\ue02d"]
		},
		{
			"type": "bitmap",
			"file": "minecraft:font/tags/owner.png",
			"ascent": 7,
			"height": 8,
			"chars": ["\ue02e"]
		},
		{
			"type": "bitmap",
			"file": "minecraft:font/minecraft_title.png",
			"ascent": 20,
			"height": 64,
			"chars": ["\ue02f"]
		},
		{
			"type": "bitmap",
			"file": "minecraft:font/skin/boutiqueseller.png",
			"ascent": -15,
			"height": 64,
			"chars": ["\ue030"]
		},
		{
			"type": "bitmap",
			"file": "minecraft:font/guis/c_page_1_3.png",
			"ascent": 13,
			"height": 256,
			"chars": ["\ue031"]
		},
		{
			"type": "bitmap",
			"file": "minecraft:font/skin/deliverylady.png",
			"ascent": -15,
			"height": 64,
			"chars": ["\ue032"]
		},
		{
			"type": "bitmap",
			"file": "minecraft:font/skin/fortuneteller.png",
			"ascent": -15,
			"height": 64,
			"chars": ["\ue033"]
		},
		{
			"type": "bitmap",
			"file": "minecraft:font/skin/jeweler.png",
			"ascent": -15,
			"height": 64,
			"chars": ["\ue034"]
		},
		{
			"type": "bitmap",
			"file": "minecraft:font/skin/priest.png",
			"ascent": -15,
			"height": 64,
			"chars": ["\ue035"]
		},
		{
			"type": "bitmap",
			"file": "minecraft:font/guis/c_page_2_3.png",
			"ascent": 13,
			"height": 256,
			"chars": ["\ue036"]
		},
		{
			"type": "bitmap",
			"file": "minecraft:font/guis/editor_5.png",
			"ascent": 13,
			"height": 256,
			"chars": ["\ue037"]
		},
		{
			"type": "bitmap",
			"file": "minecraft:font/guis/rewards_1_3.png",
			"ascent": 13,
			"height": 256,
			"chars": ["\ue038"]
		},
		{
			"type": "bitmap",
			"file": "minecraft:font/guis/promoter_1_3.png",
			"ascent": 13,
			"height": 256,
			"chars": ["\ue039"]
		},
		{
			"type": "bitmap",
			"file": "minecraft:font/guis/crate_1_3.png",
			"ascent": 13,
			"height": 256,
			"chars": ["\ue03a"]
		},
		{
			"type": "bitmap",
			"file": "minecraft:font/skin/rare_crate.png",
			"ascent": -15,
			"height": 32,
			"chars": ["\ue03b"]
		},
		{
			"type": "bitmap",
			"file": "minecraft:font/skin/epic_crate.png",
			"ascent": -15,
			"height": 32,
			"chars": ["\ue03c"]
		},
		{
			"type": "bitmap",
			"file": "minecraft:font/skin/legendary_crate.png",
			"ascent": -15,
			"height": 32,
			"chars": ["\ue03d"]
		},
		{
			"type": "bitmap",
			"file": "minecraft:font/guis/auction_2.png",
			"ascent": 13,
			"height": 256,
			"chars": ["\ue03e"]
		},
		{
			"type": "bitmap",
			"file": "minecraft:font/guis/fish_journey.png",
			"ascent": -3,
			"height": 256,
			"chars": ["\ue03f"]
		},
		{
			"type": "bitmap",
			"file": "minecraft:font/displays/artisan_stand.png",
			"ascent": 256,
			"height": 256,
			"chars": ["\ue040"]
		},
		{
			"type": "bitmap",
			"file": "minecraft:font/displays/auction_house.png",
			"ascent": 256,
			"height": 256,
			"chars": ["\ue041"]
		},
		{
			"type": "bitmap",
			"file": "minecraft:font/displays/boutique_shop.png",
			"ascent": 256,
			"height": 256,
			"chars": ["\ue042"]
		},
		{
			"type": "bitmap",
			"file": "minecraft:font/displays/chest_stand.png",
			"ascent": 256,
			"height": 256,
			"chars": ["\ue043"]
		},
		{
			"type": "bitmap",
			"file": "minecraft:font/displays/delivery_stand.png",
			"ascent": 256,
			"height": 256,
			"chars": ["\ue044"]
		},
		{
			"type": "bitmap",
			"file": "minecraft:font/displays/forgotten_museum.png",
			"ascent": 256,
			"height": 256,
			"chars": ["\ue045"]
		},
		{
			"type": "bitmap",
			"file": "minecraft:font/displays/lost_chapel.png",
			"ascent": 256,
			"height": 256,
			"chars": ["\ue046"]
		},
		{
			"type": "bitmap",
			"file": "minecraft:font/displays/smithing_stand.png",
			"ascent": 256,
			"height": 256,
			"chars": ["\ue047"]
		}
	]
}