{
	"credit": "cha7",
	"textures": {
		"0": "custompack:item/furnitures/gravestone",
		"particle": "custompack:item/furnitures/gravestone"
	},
	"elements": [
		{
			"from": [1, 0, 7],
			"to": [15, 13, 9],
			"rotation": {"angle": 0, "axis": "y", "origin": [1, 0, 7]},
			"faces": {
				"north": {"uv": [1, 3, 15, 16], "texture": "#0"},
				"east": {"uv": [1, 3, 2, 16], "texture": "#0"},
				"south": {"uv": [15, 3, 1, 16], "texture": "#0"},
				"west": {"uv": [14, 3, 15, 16], "texture": "#0"},
				"up": {"uv": [15, 3, 1, 4], "texture": "#0"},
				"down": {"uv": [1, 15, 15, 16], "texture": "#0"}
			}
		},
		{
			"from": [2, 13, 7],
			"to": [14, 14, 9],
			"rotation": {"angle": 0, "axis": "y", "origin": [2, 13, 7]},
			"faces": {
				"north": {"uv": [2, 2, 14, 3], "texture": "#0"},
				"east": {"uv": [2, 2, 3, 3], "texture": "#0"},
				"south": {"uv": [14, 2, 2, 3], "texture": "#0"},
				"west": {"uv": [13, 2, 14, 3], "texture": "#0"},
				"up": {"uv": [14, 2, 2, 3], "texture": "#0"},
				"down": {"uv": [0, 0, 12, 2], "texture": "#missing"}
			}
		},
		{
			"from": [3, 14, 7],
			"to": [13, 15, 9],
			"rotation": {"angle": 0, "axis": "y", "origin": [2, 14, 7]},
			"faces": {
				"north": {"uv": [3, 1, 13, 2], "texture": "#0"},
				"east": {"uv": [3, 1, 4, 2], "texture": "#0"},
				"south": {"uv": [13, 1, 3, 2], "texture": "#0"},
				"west": {"uv": [12, 1, 13, 2], "texture": "#0"},
				"up": {"uv": [13, 1, 3, 2], "texture": "#0"},
				"down": {"uv": [0, 0, 10, 2], "texture": "#missing"}
			}
		},
		{
			"from": [5, 15, 7],
			"to": [11, 16, 9],
			"rotation": {"angle": 0, "axis": "y", "origin": [4, 15, 7]},
			"faces": {
				"north": {"uv": [5, 0, 11, 1], "texture": "#0"},
				"east": {"uv": [5, 0, 6, 1], "texture": "#0"},
				"south": {"uv": [11, 0, 5, 1], "texture": "#0"},
				"west": {"uv": [10, 0, 11, 1], "texture": "#0"},
				"up": {"uv": [11, 0, 5, 1], "texture": "#0"},
				"down": {"uv": [0, 0, 6, 2], "texture": "#missing"}
			}
		}
	],
	"gui_light": "front",
	"display": {
		"fixed": {
			"rotation": [-90, 0, 0],
			"translation": [0, 0, -16],
			"scale": [2, 2, 2]
		}
	}
}