{
	"credit": "cha7",
	"texture_size": [64, 64],
	"textures": {
		"0": "custompack:item/furnitures/awning_3",
		"particle": "custompack:item/furnitures/awning_3"
	},
	"elements": [
		{
			"from": [0, 0, 0],
			"to": [32, 4, 0],
			"faces": {
				"north": {"uv": [8, 1, 16, 2], "texture": "#0"},
				"east": {"uv": [0, 1, 0, 2], "texture": "#0"},
				"south": {"uv": [16, 1, 8, 2], "texture": "#0"},
				"west": {"uv": [0, 1, 0, 2], "texture": "#0"},
				"up": {"uv": [8, 1, 0, 1], "texture": "#0"},
				"down": {"uv": [8, 1, 0, 1], "texture": "#0"}
			}
		},
		{
			"from": [0, 4, 0],
			"to": [32, 4, 32],
			"rotation": {"angle": -22.5, "axis": "x", "origin": [0, 4, 0]},
			"faces": {
				"north": {"uv": [0, 8, 8, 8], "texture": "#0"},
				"east": {"uv": [0, 8, 7.5, 8], "texture": "#0"},
				"south": {"uv": [0, 8, 8, 8], "texture": "#0"},
				"west": {"uv": [0, 8, 7.5, 8], "texture": "#0"},
				"up": {"uv": [8, 16, 0, 8], "texture": "#0"},
				"down": {"uv": [8, 8, 0, 16], "texture": "#0"}
			}
		}
	]
}