{
	"credit": "cha7",
	"texture_size": [128, 128],
	"textures": {
		"0": "custompack:item/furnitures/statue_pickaxe",
		"particle": "custompack:item/furnitures/statue_pickaxe"
	},
	"elements": [
		{
			"from": [0, 12, 0],
			"to": [16, 16, 16],
			"rotation": {"angle": 0, "axis": "y", "origin": [0, 12, 0]},
			"faces": {
				"north": {"uv": [10.5, 0, 14.5, 1], "texture": "#0"},
				"east": {"uv": [10.5, 0, 14.5, 1], "texture": "#0"},
				"south": {"uv": [10.5, 0, 14.5, 1], "texture": "#0"},
				"west": {"uv": [10.5, 0, 14.5, 1], "texture": "#0"},
				"up": {"uv": [0, 0, 4, 4], "texture": "#0"},
				"down": {"uv": [0, 4, 4, 8], "texture": "#0"}
			}
		},
		{
			"from": [0, 0, 0],
			"to": [16, 4, 16],
			"faces": {
				"north": {"uv": [10.5, 0, 14.5, 1], "texture": "#0"},
				"east": {"uv": [10.5, 0, 14.5, 1], "texture": "#0"},
				"south": {"uv": [10.5, 0, 14.5, 1], "texture": "#0"},
				"west": {"uv": [10.5, 0, 14.5, 1], "texture": "#0"},
				"up": {"uv": [4, 0, 8, 4], "texture": "#0"},
				"down": {"uv": [0, 4, 4, 8], "texture": "#0"}
			}
		},
		{
			"from": [3, 4, 3],
			"to": [13, 12, 13],
			"rotation": {"angle": 0, "axis": "y", "origin": [3, 4, 3]},
			"faces": {
				"north": {"uv": [8, 4.5, 10.5, 6.5], "texture": "#0"},
				"east": {"uv": [8, 4.5, 10.5, 6.5], "texture": "#0"},
				"south": {"uv": [8, 4.5, 10.5, 6.5], "texture": "#0"},
				"west": {"uv": [8, 4.5, 10.5, 6.5], "texture": "#0"},
				"up": {"uv": [0, 0, 1.25, 1.25], "texture": "#0"},
				"down": {"uv": [0, 0, 1.25, 1.25], "texture": "#0"}
			}
		},
		{
			"from": [5, 19, 4],
			"to": [13, 27, 12],
			"rotation": {"angle": 22.5, "axis": "z", "origin": [5, 19, 4]},
			"faces": {
				"north": {"uv": [12, 12, 14, 14], "texture": "#0"},
				"east": {"uv": [14, 12, 16, 14], "texture": "#0"},
				"south": {"uv": [12, 12, 14, 14], "texture": "#0"},
				"west": {"uv": [14, 12, 16, 14], "texture": "#0"},
				"up": {"uv": [12, 14, 14, 16], "texture": "#0"},
				"down": {"uv": [14, 14, 16, 16], "texture": "#0"}
			}
		}
	],
	"groups": [
		{
			"name": "group",
			"origin": [0, 0, 0],
			"color": 0,
			"children": [0, 1, 2]
		},
		{
			"name": "group",
			"origin": [5, 19, 4],
			"color": 0,
			"children": [3]
		}
	]
}