{
	"credit": "cha7",
	"texture_size": [128, 128],
	"textures": {
		"0": "custompack:item/furnitures/statue_pickaxe",
		"particle": "custompack:item/furnitures/statue_pickaxe"
	},
	"elements": [
		{
			"from": [0, 12, 0],
			"to": [16, 16, 16],
			"rotation": {"angle": 0, "axis": "y", "origin": [0, 12, 0]},
			"faces": {
				"north": {"uv": [8, 6.5, 12, 7.5], "texture": "#0"},
				"east": {"uv": [7.5, 8, 11.5, 9], "texture": "#0"},
				"south": {"uv": [7.5, 9, 11.5, 10], "texture": "#0"},
				"west": {"uv": [2.5, 10, 6.5, 11], "texture": "#0"},
				"up": {"uv": [4, 0, 0, 4], "texture": "#0"},
				"down": {"uv": [4, 8, 0, 4], "texture": "#0"}
			}
		},
		{
			"from": [3, 4, 3],
			"to": [13, 12, 13],
			"rotation": {"angle": 0, "axis": "y", "origin": [3, 4, 3]},
			"faces": {
				"north": {"uv": [2.5, 8, 5, 10], "texture": "#0"},
				"east": {"uv": [8, 2.5, 10.5, 4.5], "texture": "#0"},
				"south": {"uv": [8, 4.5, 10.5, 6.5], "texture": "#0"},
				"west": {"uv": [5, 8, 7.5, 10], "texture": "#0"},
				"up": {"uv": [2.5, 10.5, 0, 8], "texture": "#0"},
				"down": {"uv": [10.5, 0, 8, 2.5], "texture": "#0"}
			}
		},
		{
			"from": [0, 0, 0],
			"to": [16, 4, 16],
			"faces": {
				"north": {"uv": [6.5, 10, 10.5, 11], "texture": "#0"},
				"east": {"uv": [10.5, 0, 14.5, 1], "texture": "#0"},
				"south": {"uv": [10.5, 1, 14.5, 2], "texture": "#0"},
				"west": {"uv": [10.5, 2, 14.5, 3], "texture": "#0"},
				"up": {"uv": [8, 4, 4, 0], "texture": "#0"},
				"down": {"uv": [8, 4, 4, 8], "texture": "#0"}
			}
		},
		{
			"from": [11, 22, 1],
			"to": [11, 28, 7],
			"rotation": {"angle": 0, "axis": "x", "origin": [11, 22, 1]},
			"faces": {
				"north": {"uv": [0, 0, 0, 1.5], "texture": "#0"},
				"east": {"uv": [0, 10.5, 1.5, 12], "texture": "#0"},
				"south": {"uv": [0, 0, 0, 1.5], "texture": "#0"},
				"west": {"uv": [12, 3, 10.5, 4.5], "texture": "#0"},
				"up": {"uv": [0, 1.5, 0, 0], "texture": "#0"},
				"down": {"uv": [0, 0, 0, 1.5], "texture": "#0"}
			}
		},
		{
			"from": [6, 22, 6.98],
			"to": [10, 28, 9.02],
			"rotation": {"angle": 0, "axis": "y", "origin": [6, 22, 6.8]},
			"faces": {
				"north": {"uv": [1.5, 10.5, 2.5, 12], "texture": "#0"},
				"east": {"uv": [7.5, 11, 8, 12.5], "texture": "#0"},
				"south": {"uv": [10.5, 4.5, 11.5, 6], "texture": "#0"},
				"west": {"uv": [8, 11, 8.5, 12.5], "texture": "#0"},
				"up": {"uv": [3.5, 12.5, 2.5, 12], "texture": "#0"},
				"down": {"uv": [13, 3, 12, 3.5], "texture": "#0"}
			}
		},
		{
			"from": [6, 16, 7],
			"to": [8, 22, 9],
			"rotation": {"angle": 0, "axis": "y", "origin": [6, 16, 7]},
			"faces": {
				"north": {"uv": [8.5, 11, 9, 12.5], "texture": "#0"},
				"east": {"uv": [9, 11, 9.5, 12.5], "texture": "#0"},
				"south": {"uv": [9.5, 11, 10, 12.5], "texture": "#0"},
				"west": {"uv": [10, 11, 10.5, 12.5], "texture": "#0"},
				"up": {"uv": [12, 8, 11.5, 7.5], "texture": "#0"},
				"down": {"uv": [6, 12, 5.5, 12.5], "texture": "#0"}
			}
		},
		{
			"from": [8, 16, 7],
			"to": [10, 22, 9],
			"rotation": {"angle": 0, "axis": "y", "origin": [8, 16, 7]},
			"faces": {
				"north": {"uv": [10.5, 11, 11, 12.5], "texture": "#0"},
				"east": {"uv": [11, 11, 11.5, 12.5], "texture": "#0"},
				"south": {"uv": [11.5, 4.5, 12, 6], "texture": "#0"},
				"west": {"uv": [11.5, 7.5, 12, 9], "texture": "#0"},
				"up": {"uv": [12, 8, 11.5, 7.5], "texture": "#0"},
				"down": {"uv": [6, 12, 5.5, 12.5], "texture": "#0"}
			}
		},
		{
			"from": [10, 22.25, 5.25],
			"to": [12, 28.25, 7.25],
			"rotation": {"angle": 45, "axis": "x", "origin": [11, 25.25, 6.25]},
			"faces": {
				"north": {"uv": [11.5, 9, 12, 10.5], "texture": "#0"},
				"east": {"uv": [11.5, 10.5, 12, 12], "texture": "#0"},
				"south": {"uv": [0.5, 12, 0, 13.5], "texture": "#0"},
				"west": {"uv": [0.5, 12, 1, 13.5], "texture": "#0"},
				"up": {"uv": [12.5, 5, 12, 4.5], "texture": "#0"},
				"down": {"uv": [5.5, 12, 5, 12.5], "texture": "#0"}
			}
		},
		{
			"from": [6, 28, 6],
			"to": [10, 32, 10],
			"rotation": {"angle": 0, "axis": "y", "origin": [6, 28, 6]},
			"faces": {
				"north": {"uv": [10.5, 10, 11.5, 11], "texture": "#0"},
				"east": {"uv": [2.5, 11, 3.5, 12], "texture": "#0"},
				"south": {"uv": [3.5, 11, 4.5, 12], "texture": "#0"},
				"west": {"uv": [4.5, 11, 5.5, 12], "texture": "#0"},
				"up": {"uv": [6.5, 12, 5.5, 11], "texture": "#0"},
				"down": {"uv": [7.5, 11, 6.5, 12], "texture": "#0"}
			}
		},
		{
			"from": [2.75, 30, 7],
			"to": [8.75, 32, 9],
			"rotation": {"angle": -45, "axis": "z", "origin": [2.75, 32, 7]},
			"faces": {
				"north": {"uv": [8, 7.5, 9.5, 8], "texture": "#0"},
				"east": {"uv": [12, 4.5, 12.5, 5], "texture": "#0"},
				"south": {"uv": [11, 7.5, 9.5, 8], "texture": "#0"},
				"west": {"uv": [5, 12, 5.5, 12.5], "texture": "#0"},
				"up": {"uv": [12, 6.5, 10.5, 6], "texture": "#0"},
				"down": {"uv": [2.5, 12, 1, 12.5], "texture": "#0"}
			}
		}
	],
	"groups": [
		{
			"name": "group",
			"origin": [0, 0, 0],
			"color": 0,
			"children": [0, 1, 2]
		},
		{
			"name": "group",
			"origin": [5, 22, 5],
			"color": 0,
			"children": [3, 4, 5, 6, 7, 8, 9]
		}
	]
}