{
	"credit": "cha7",
	"textures": {
		"0": "custompack:item/furnitures/trophie",
		"particle": "custompack:item/furnitures/trophie"
	},
	"elements": [
		{
			"from": [5, 6, 5],
			"to": [11, 13, 11],
			"rotation": {"angle": 0, "axis": "y", "origin": [5, 6, 5]},
			"faces": {
				"north": {"uv": [0, 6.5, 3, 3], "texture": "#0"},
				"east": {"uv": [3, 6.5, 6, 3], "texture": "#0"},
				"south": {"uv": [6, 6.5, 9, 3], "texture": "#0"},
				"west": {"uv": [9, 6.5, 12, 3], "texture": "#0"},
				"up": {"uv": [9, 3, 6, 0], "texture": "#0"},
				"down": {"uv": [6, 0, 3, 3], "texture": "#0"}
			}
		},
		{
			"from": [7, 2, 7],
			"to": [9, 6, 9],
			"rotation": {"angle": 0, "axis": "y", "origin": [7, 2, 7]},
			"faces": {
				"north": {"uv": [2.5, 3, 3.5, 5.5], "texture": "#0"},
				"east": {"uv": [2.5, 3, 3.5, 5.5], "texture": "#0"},
				"south": {"uv": [2.5, 3, 3.5, 5.5], "texture": "#0"},
				"west": {"uv": [2.5, 3, 3.5, 5.5], "texture": "#0"},
				"up": {"uv": [0, 0, 2, 2], "texture": "#0"},
				"down": {"uv": [0, 0, 2, 2], "texture": "#0"}
			}
		},
		{
			"from": [4, 13, 4],
			"to": [12, 15, 12],
			"rotation": {"angle": 0, "axis": "y", "origin": [4, 13, 4]},
			"faces": {
				"north": {"uv": [12, 11.5, 16, 10.5], "texture": "#0"},
				"east": {"uv": [8, 11.5, 12, 10.5], "texture": "#0"},
				"south": {"uv": [4, 11.5, 8, 10.5], "texture": "#0"},
				"west": {"uv": [0, 11.5, 4, 10.5], "texture": "#0"},
				"up": {"uv": [4, 6.5, 8, 10.5], "texture": "#0"},
				"down": {"uv": [8, 6.5, 12, 10.5], "texture": "#0"}
			}
		},
		{
			"from": [5, 0, 5],
			"to": [11, 2, 11],
			"rotation": {"angle": 0, "axis": "y", "origin": [5, 0, 5]},
			"faces": {
				"north": {"uv": [0, 11.5, 3, 10.5], "texture": "#0"},
				"east": {"uv": [0, 11.5, 3, 10.5], "texture": "#0"},
				"south": {"uv": [0, 11.5, 3, 10.5], "texture": "#0"},
				"west": {"uv": [0, 11.5, 3, 10.5], "texture": "#0"},
				"up": {"uv": [3, 0, 6, 3], "texture": "#0"},
				"down": {"uv": [6, 0, 9, 3], "texture": "#0"}
			}
		},
		{
			"from": [1, 6, 8],
			"to": [5, 13, 8],
			"rotation": {"angle": 0, "axis": "y", "origin": [1, 6, 8]},
			"faces": {
				"north": {"uv": [12, 3, 14.5, 6.5], "texture": "#0"},
				"east": {"uv": [0, 0, 0, 0], "texture": "#0"},
				"south": {"uv": [14.5, 3, 12, 6.5], "texture": "#0"},
				"west": {"uv": [0, 0, 0, 0.5], "texture": "#0"},
				"up": {"uv": [0, 0, 0, 0], "texture": "#0"},
				"down": {"uv": [0, 0, 0, 0], "texture": "#0"}
			}
		},
		{
			"from": [11, 6, 8],
			"to": [15, 13, 8],
			"rotation": {"angle": 0, "axis": "y", "origin": [11, 6, 8]},
			"faces": {
				"north": {"uv": [14.5, 3, 12, 6.5], "texture": "#0"},
				"east": {"uv": [0, 0, 0, 0], "texture": "#0"},
				"south": {"uv": [12, 3, 14.5, 6.5], "texture": "#0"},
				"west": {"uv": [0, 0, 0, 0], "texture": "#0"},
				"up": {"uv": [0, 0, 0, 0], "texture": "#0"},
				"down": {"uv": [0, 0, 0, 0], "texture": "#0"}
			}
		}
	],
	"gui_light": "front",
	"display": {
		"thirdperson_righthand": {
			"translation": [0, 0.5, 0],
			"scale": [0.75, 0.75, 0.75]
		},
		"thirdperson_lefthand": {
			"translation": [0, 0.5, 0],
			"scale": [0.75, 0.75, 0.75]
		},
		"firstperson_righthand": {
			"scale": [0.75, 0.75, 0.75]
		},
		"firstperson_lefthand": {
			"scale": [0.75, 0.75, 0.75]
		},
		"ground": {
			"translation": [0, 2.5, 0],
			"scale": [0.75, 0.75, 0.75]
		},
		"gui": {
			"rotation": [24, 0, 0],
			"translation": [0, 1.5, 0],
			"scale": [0.7, 0.7, 0.7]
		},
		"head": {
			"translation": [0, 27.75, 0],
			"scale": [0.75, 0.75, 0.75]
		},
		"fixed": {
			"rotation": [-90, 0, 0],
			"translation": [0, 0, -16],
			"scale": [2, 2, 2]
		}
	}
}