{
	"credit": "cha7",
	"textures": {
		"0": "custompack:item/furnitures/vote_crate",
		"particle": "custompack:item/furnitures/vote_crate"
	},
	"elements": [
		{
			"from": [0, 0, 0],
			"to": [16, 16, 16],
			"faces": {
				"north": {"uv": [8, 8, 0, 16], "texture": "#0"},
				"east": {"uv": [8, 8, 16, 16], "texture": "#0"},
				"south": {"uv": [16, 8, 8, 16], "texture": "#0"},
				"west": {"uv": [8, 8, 16, 16], "texture": "#0"},
				"up": {"uv": [0, 0, 8, 8], "texture": "#0"},
				"down": {"uv": [0, 8, 8, 0], "texture": "#0"}
			}
		},
		{
			"from": [7, 7, -0.5],
			"to": [9, 9, 0.5],
			"rotation": {"angle": 0, "axis": "y", "origin": [7, 7, -0.5]},
			"faces": {
				"north": {"uv": [3.5, 11.5, 4.5, 12.5], "texture": "#0"},
				"east": {"uv": [3.5, 11.5, 4, 12.5], "texture": "#0"},
				"south": {"uv": [3.5, 11.5, 4.5, 12.5], "texture": "#0"},
				"west": {"uv": [4, 11.5, 4.5, 12.5], "texture": "#0"},
				"up": {"uv": [4.5, 11.5, 3.5, 12], "texture": "#0"},
				"down": {"uv": [4.5, 12, 3.5, 12.5], "texture": "#0"}
			}
		}
	],
	"gui_light": "front",
	"display": {
		"thirdperson_righthand": {
			"scale": [0.25, 0.25, 0.25]
		},
		"thirdperson_lefthand": {
			"scale": [0.25, 0.25, 0.25]
		},
		"firstperson_righthand": {
			"scale": [0.25, 0.25, 0.25]
		},
		"firstperson_lefthand": {
			"scale": [0.25, 0.25, 0.25]
		},
		"ground": {
			"scale": [0.25, 0.25, 0.25]
		},
		"gui": {
			"rotation": [36, -36, 0],
			"scale": [0.5, 0.5, 0.5]
		}
	}
}