{
  "parent" : "minecraft:item/generated",
  "textures" : {
    "layer0" : "item/diamond"
  },
	"overrides": [
		{"predicate": {"custom_model_data":1}, "model": "custompack:item/furnitures/vote_crate"},
		{"predicate": {"custom_model_data":2}, "model": "custompack:item/furnitures/another_red_present"},
		{"predicate": {"custom_model_data":3}, "model": "custompack:item/furnitures/blue_present"},
		{"predicate": {"custom_model_data":4}, "model": "custompack:item/furnitures/trophie"},
		{"predicate": {"custom_model_data":5}, "model": "custompack:item/furnitures/archaeology_statue_1"},
		{"predicate": {"custom_model_data":6}, "model": "custompack:item/furnitures/dolgu_present"},
		{"predicate": {"custom_model_data":7}, "model": "custompack:item/furnitures/green_present"},
		{"predicate": {"custom_model_data":8}, "model": "custompack:item/furnitures/light_blue_present"},
		{"predicate": {"custom_model_data":9}, "model": "custompack:item/furnitures/pink_present"},
		{"predicate": {"custom_model_data":10}, "model": "custompack:item/furnitures/purple_present"},
		{"predicate": {"custom_model_data":11}, "model": "custompack:item/furnitures/red_present"},
		{"predicate": {"custom_model_data":12}, "model": "custompack:item/furnitures/yellow_present"},
		{"predicate": {"custom_model_data":23}, "model": "custompack:item/furnitures/statue_pickaxe"},
		{"predicate": {"custom_model_data":24}, "model": "custompack:item/furnitures/statue_grand"},
		{"predicate": {"custom_model_data":33}, "model": "custompack:item/furnitures/red_awning"},
		{"predicate": {"custom_model_data":34}, "model": "custompack:item/furnitures/blue_awning"},
		{"predicate": {"custom_model_data":35}, "model": "custompack:item/furnitures/pink_awning"},
		{"predicate": {"custom_model_data":36}, "model": "custompack:item/furnitures/magenta_awning"},
		{"predicate": {"custom_model_data":37}, "model": "custompack:item/furnitures/lime_awning"},
		{"predicate": {"custom_model_data":38}, "model": "custompack:item/furnitures/green_awning"},
		{"predicate": {"custom_model_data":39}, "model": "custompack:item/furnitures/purple_awning"},
		{"predicate": {"custom_model_data":40}, "model": "custompack:item/furnitures/orange_awning"},
		{"predicate": {"custom_model_data":42}, "model": "custompack:item/furnitures/gravestone"}
		]
}