{"parent":"minecraft:item/generated","textures":{"layer0":"minecraft:item/feather"},
"overrides" : [
{ "predicate": { "custom_model_data": 10000 }, "model": "custompack:item/cosmetics/crown" },
{ "predicate": { "custom_model_data": 10001 }, "model": "custompack:item/cosmetics/paper_bag" },
{ "predicate": { "custom_model_data": 10002 }, "model": "custompack:item/cosmetics/top" },
{ "predicate": { "custom_model_data": 10003 }, "model": "custompack:item/cosmetics/book" },
{ "predicate": { "custom_model_data": 10004 }, "model": "custompack:item/cosmetics/astronaut_helmet" },
{ "predicate": { "custom_model_data": 10005 }, "model": "custompack:item/cosmetics/cap" },
{ "predicate": { "custom_model_data": 10006 }, "model": "custompack:item/cosmetics/christmas_cap" },
{ "predicate": { "custom_model_data": 10007 }, "model": "custompack:item/cosmetics/racing_helmet" },
{ "predicate": { "custom_model_data": 10008 }, "model": "custompack:item/cosmetics/slime" },
{ "predicate": { "custom_model_data": 10009 }, "model": "custompack:item/cosmetics/angelic_holo" }
]
}