{
  "parent": "item/handheld_rod",
  "textures": {
    "layer0": "item/fishing_rod"
  },
  "overrides": [
    {
      "predicate": {
        "cast": 1
      },
      "model": "item/fishing_rod_cast"
    },
    {
      "predicate": {
        "custom_model_data": 1
      },
      "model": "custompack:item/fishing_rods/rod_0"
    },
    {
      "predicate": {
        "cast": 1,
        "custom_model_data": 1
      },
      "model": "custompack:item/fishing_rods/rod_0_cast"
    },
    {
      "predicate": {
        "custom_model_data": 2
      },
      "model": "custompack:item/fishing_rods/rod_1"
    },
    {
      "predicate": {
        "cast": 1,
        "custom_model_data": 2
      },
      "model": "custompack:item/fishing_rods/rod_1_cast"
    },
    {
      "predicate": {
        "custom_model_data": 3
      },
      "model": "custompack:item/fishing_rods/rod_2"
    },
    {
      "predicate": {
        "cast": 1,
        "custom_model_data": 3
      },
      "model": "custompack:item/fishing_rods/rod_2_cast"
    },
    {
      "predicate": {
        "custom_model_data": 4
      },
      "model": "custompack:item/fishing_rods/rod_3"
    },
    {
      "predicate": {
        "cast": 1,
        "custom_model_data": 4
      },
      "model": "custompack:item/fishing_rods/rod_3_cast"
    },
    {
      "predicate": {
        "custom_model_data": 5
      },
      "model": "custompack:item/fishing_rods/rod_4"
    },
    {
      "predicate": {
        "cast": 1,
        "custom_model_data": 5
      },
      "model": "custompack:item/fishing_rods/rod_4_cast"
    },
    {
      "predicate": {
        "custom_model_data": 6
      },
      "model": "custompack:item/fishing_rods/rod_5"
    },
    {
      "predicate": {
        "cast": 1,
        "custom_model_data": 6
      },
      "model": "custompack:item/fishing_rods/rod_5_cast"
    }
  ]
}