{"parent":"minecraft:item/generated","textures":{"layer0":"minecraft:item/paper"},
"overrides" : [
{ "predicate": { "custom_model_data": 1 }, "model": "custompack:item/forge_item_pattern" },
{ "predicate": { "custom_model_data": 10000 }, "model": "custompack:item/cosmetic_token" },
{ "predicate": { "custom_model_data": 10001 }, "model": "custompack:item/guis/empty" },
{ "predicate": { "custom_model_data": 10002 }, "model": "custompack:item/guis/explorer_trade" },
{ "predicate": { "custom_model_data": 10003 }, "model": "custompack:item/guis/next_but" },
{ "predicate": { "custom_model_data": 10004 }, "model": "custompack:item/guis/ah_advertise" },
{ "predicate": { "custom_model_data": 10005 }, "model": "custompack:item/guis/prev_but" },
{ "predicate": { "custom_model_data": 10006 }, "model": "custompack:item/guis/deposit_but" },
{ "predicate": { "custom_model_data": 10007 }, "model": "custompack:item/nether_ticket" },
{ "predicate": { "custom_model_data": 10008 }, "model": "custompack:item/token" },
{ "predicate": { "custom_model_data": 10009 }, "model": "custompack:item/the_end_ticket" },
{ "predicate": { "custom_model_data": 10010 }, "model": "custompack:item/guis/locked_quest" },
{ "predicate": { "custom_model_data": 10011 }, "model": "custompack:item/guis/return_back_but" },
{ "predicate": { "custom_model_data": 10012 }, "model": "custompack:item/guis/started_q" },
{ "predicate": { "custom_model_data": 10013 }, "model": "custompack:item/guis/empty_helmet" },
{ "predicate": { "custom_model_data": 10014 }, "model": "custompack:item/guis/empty_chest" },
{ "predicate": { "custom_model_data": 10015 }, "model": "custompack:item/guis/empty_leg" },
{ "predicate": { "custom_model_data": 10016 }, "model": "custompack:item/guis/empty_boot" },
{ "predicate": { "custom_model_data": 10017 }, "model": "custompack:item/guis/ah_new" },
{ "predicate": { "custom_model_data": 10018 }, "model": "custompack:item/guis/ah_log" },
{ "predicate": { "custom_model_data": 10019 }, "model": "custompack:item/guis/ah_old" },
{ "predicate": { "custom_model_data": 10020 }, "model": "custompack:item/guis/ah_yours" },
{ "predicate": { "custom_model_data": 10021 }, "model": "custompack:item/guis/filter" },
{ "predicate": { "custom_model_data": 10022 }, "model": "custompack:item/guis/trade_gold" },
{ "predicate": { "custom_model_data": 10023 }, "model": "custompack:item/guis/trade_xp" },
{ "predicate": { "custom_model_data": 10024 }, "model": "custompack:item/guis/trade_count" },
{ "predicate": { "custom_model_data": 10025 }, "model": "custompack:item/guis/flag_pvp" },
{ "predicate": { "custom_model_data": 10026 }, "model": "custompack:item/guis/flag_mob" },
{ "predicate": { "custom_model_data": 10027 }, "model": "custompack:item/guis/flag_creeper" },
{ "predicate": { "custom_model_data": 10028 }, "model": "custompack:item/guis/flag_wither" },
{ "predicate": { "custom_model_data": 10029 }, "model": "custompack:item/guis/flag_ghast" },
{ "predicate": { "custom_model_data": 10030 }, "model": "custompack:item/guis/star" },
{ "predicate": { "custom_model_data": 10031 }, "model": "custompack:item/guis/half_star" },
{ "predicate": { "custom_model_data": 10032 }, "model": "custompack:item/guis/abilities" },
{ "predicate": { "custom_model_data": 10033 }, "model": "custompack:item/guis/sources" },
{ "predicate": { "custom_model_data": 10034 }, "model": "custompack:item/guis/job" },
{ "predicate": { "custom_model_data": 10035 }, "model": "custompack:item/artifact" },
{ "predicate": { "custom_model_data": 10036 }, "model": "custompack:item/ruby" },
{ "predicate": { "custom_model_data": 10037 }, "model": "custompack:item/guis/trophy_icon" },
{ "predicate": { "custom_model_data": 10038 }, "model": "custompack:item/ruby_shard" },
{ "predicate": { "custom_model_data": 10039 }, "model": "custompack:item/guis/empty_star" },
{ "predicate": { "custom_model_data": 10040 }, "model": "custompack:item/ability" },
{ "predicate": { "custom_model_data": 10041 }, "model": "custompack:item/guis/book_content_1" },
{ "predicate": { "custom_model_data": 10042 }, "model": "custompack:item/guis/book_content_2" },
{ "predicate": { "custom_model_data": 10043 }, "model": "custompack:item/guis/book_content_3" },
{ "predicate": { "custom_model_data": 10044 }, "model": "custompack:item/guis/book_content_4" },
{ "predicate": { "custom_model_data": 10045 }, "model": "custompack:item/guis/book_content_5" },
{ "predicate": { "custom_model_data": 10046 }, "model": "custompack:item/guis/book_content_6" },
{ "predicate": { "custom_model_data": 10047 }, "model": "custompack:item/guis/book_content_7" },
{ "predicate": { "custom_model_data": 10048 }, "model": "custompack:item/guis/book_content_8" },
{ "predicate": { "custom_model_data": 10049 }, "model": "custompack:item/guis/book_content_9" },
{ "predicate": { "custom_model_data": 10050 }, "model": "custompack:item/guis/book_content_10" },
{ "predicate": { "custom_model_data": 10051 }, "model": "custompack:item/guis/book_content_11" },
{ "predicate": { "custom_model_data": 10052 }, "model": "custompack:item/guis/book_content_12" },
{ "predicate": { "custom_model_data": 10053 }, "model": "custompack:item/guis/book_section_1" },
{ "predicate": { "custom_model_data": 10054 }, "model": "custompack:item/guis/empty_pickaxe" },
{ "predicate": { "custom_model_data": 10055 }, "model": "custompack:item/mana_ability" },
{ "predicate": { "custom_model_data": 10056 }, "model": "custompack:item/locked_mana_ability" },
{ "predicate": { "custom_model_data": 10057 }, "model": "custompack:item/guis/withdraw_but" },
{ "predicate": { "custom_model_data": 10058 }, "model": "custompack:item/guis/ah_type" }
]
}