{
	"parent": "item/generated",
	"textures": {
		"layer0": "item/poisonous_potato"
	},
	
	"overrides": [
		{ "predicate": { "custom_model_data": 1}, "model": "custompack:item/fishes/fish_0" },
		{ "predicate": { "custom_model_data": 2}, "model": "custompack:item/fishes/fish_1" },
		{ "predicate": { "custom_model_data": 3}, "model": "custompack:item/fishes/fish_2" },
		{ "predicate": { "custom_model_data": 4}, "model": "custompack:item/fishes/fish_3" },
		{ "predicate": { "custom_model_data": 5}, "model": "custompack:item/fishes/fish_4" },
		{ "predicate": { "custom_model_data": 6}, "model": "custompack:item/fishes/fish_5" },
		{ "predicate": { "custom_model_data": 7}, "model": "custompack:item/fishes/fish_6" },
		{ "predicate": { "custom_model_data": 8}, "model": "custompack:item/fishes/fish_7" },
		{ "predicate": { "custom_model_data": 9}, "model": "custompack:item/fishes/fish_8" },
		{ "predicate": { "custom_model_data": 10}, "model": "custompack:item/fishes/fish_9" },
		{ "predicate": { "custom_model_data": 11}, "model": "custompack:item/fishes/fish_10" },
		{ "predicate": { "custom_model_data": 12}, "model": "custompack:item/fishes/fish_11" },
		{ "predicate": { "custom_model_data": 13}, "model": "custompack:item/fishes/fish_12" },
		{ "predicate": { "custom_model_data": 14}, "model": "custompack:item/fishes/fish_13" },
		{ "predicate": { "custom_model_data": 15}, "model": "custompack:item/fishes/fish_14" },
		{ "predicate": { "custom_model_data": 16}, "model": "custompack:item/fishes/fish_15" },
		{ "predicate": { "custom_model_data": 17}, "model": "custompack:item/fishes/fish_16" },
		{ "predicate": { "custom_model_data": 18}, "model": "custompack:item/fishes/fish_17" },
		{ "predicate": { "custom_model_data": 19}, "model": "custompack:item/fishes/fish_18" },
		{ "predicate": { "custom_model_data": 20}, "model": "custompack:item/fishes/fish_19" },
		{ "predicate": { "custom_model_data": 21}, "model": "custompack:item/fishes/fish_20" },
		{ "predicate": { "custom_model_data": 22}, "model": "custompack:item/fishes/fish_21" },
		{ "predicate": { "custom_model_data": 23}, "model": "custompack:item/fishes/fish_22" },
		{ "predicate": { "custom_model_data": 24}, "model": "custompack:item/fishes/fish_23" },
		{ "predicate": { "custom_model_data": 25}, "model": "custompack:item/fishes/fish_24" },
		{ "predicate": { "custom_model_data": 26}, "model": "custompack:item/fishes/fish_25" }
	]
}