{
	"format_version": "1.21.6",
	"credit": "cha7",
	"texture_size": [128, 128],
	"textures": {
		"0": "item/chest/epic_chest",
		"particle": "item/chest/epic_chest"
	},
	"elements": [
		{
			"name": "upper_body",
			"from": [-3, 10, 0],
			"to": [19, 16, 16],
			"rotation": {"angle": 0, "axis": "y", "origin": [8, 9, 7.5]},
			"faces": {
				"north": {"uv": [4.25, 7, 7, 7.75], "texture": "#0"},
				"east": {"uv": [4.25, 7.875, 6.25, 8.625], "texture": "#0"},
				"south": {"uv": [7.125, 7, 9.875, 7.75], "texture": "#0"},
				"west": {"uv": [6.375, 7.875, 8.375, 8.625], "texture": "#0"},
				"up": {"uv": [2.75, 6.75, 0, 4.75], "texture": "#0"},
				"down": {"uv": [5.625, 4.75, 2.875, 6.75], "texture": "#0"}
			}
		},
		{
			"name": "body",
			"from": [-3, 0, 0],
			"to": [19, 10, 16],
			"rotation": {"angle": 0, "axis": "y", "origin": [8, 9, 7.5]},
			"faces": {
				"north": {"uv": [5.75, 4.25, 8.5, 5.5], "texture": "#0"},
				"east": {"uv": [0, 6.875, 2, 8.125], "texture": "#0"},
				"south": {"uv": [5.75, 5.625, 8.5, 6.875], "texture": "#0"},
				"west": {"uv": [2.125, 6.875, 4.125, 8.125], "texture": "#0"},
				"up": {"uv": [8, 2, 5.25, 0], "texture": "#0"},
				"down": {"uv": [8, 2.125, 5.25, 4.125], "texture": "#0"}
			}
		},
		{
			"name": "right_curve",
			"from": [-1, 0, -2],
			"to": [1, 18, 18],
			"rotation": {"angle": 0, "axis": "y", "origin": [8, 9, 7.5]},
			"faces": {
				"north": {"uv": [1.125, 8.25, 1.375, 10.5], "texture": "#0"},
				"east": {"uv": [0, 0, 2.5, 2.25], "texture": "#0"},
				"south": {"uv": [1.5, 8.25, 1.75, 10.5], "texture": "#0"},
				"west": {"uv": [0, 2.375, 2.5, 4.625], "texture": "#0"},
				"up": {"uv": [8.375, 2.5, 8.125, 0], "texture": "#0"},
				"down": {"uv": [0.25, 8.25, 0, 10.75], "texture": "#0"}
			}
		},
		{
			"name": "left_curve",
			"from": [15, 0, -2],
			"to": [17, 18, 18],
			"rotation": {"angle": 0, "axis": "y", "origin": [8, 9, 7.5]},
			"faces": {
				"north": {"uv": [1.875, 8.25, 2.125, 10.5], "texture": "#0"},
				"east": {"uv": [2.625, 0, 5.125, 2.25], "texture": "#0"},
				"south": {"uv": [2.25, 8.25, 2.5, 10.5], "texture": "#0"},
				"west": {"uv": [2.625, 2.375, 5.125, 4.625], "texture": "#0"},
				"up": {"uv": [0.625, 10.75, 0.375, 8.25], "texture": "#0"},
				"down": {"uv": [1, 8.25, 0.75, 10.75], "texture": "#0"}
			}
		},
		{
			"name": "lock",
			"from": [7, 8, -2],
			"to": [9, 11, 0],
			"rotation": {"angle": 0, "axis": "y", "origin": [8, 9, 7.5]},
			"faces": {
				"north": {"uv": [5.25, 4.25, 5.5, 4.625], "texture": "#0"},
				"east": {"uv": [8.125, 2.625, 8.375, 3], "texture": "#0"},
				"south": {"uv": [8.125, 3.125, 8.375, 3.5], "texture": "#0"},
				"west": {"uv": [8.125, 3.625, 8.375, 4], "texture": "#0"},
				"up": {"uv": [2.875, 8.5, 2.625, 8.25], "texture": "#0"},
				"down": {"uv": [3.25, 8.25, 3, 8.5], "texture": "#0"}
			}
		}
	],
	"display": {
		"fixed": {
			"rotation": [-90, 0, 0],
			"translation": [0, 0, -14],
			"scale": [2, 2, 2]
		}
	},
	"groups": [
		{
			"name": "root",
			"origin": [8, 8, 8],
			"color": 0,
			"children": [0, 1, 2, 3, 4]
		}
	]
}