{
	"providers": [
		{
			"type": "bitmap",
			"file": "custompack:font/locked.png",
			"ascent": 7,
			"height": 7,
			"chars": ["🔒"]
		},
		{
			"type": "bitmap",
			"file": "custompack:font/skills/strength.png",
			"ascent": 8,
			"height": 8,
			"chars": ["➽"]
		},
		{
			"type": "bitmap",
			"file": "custompack:font/skills/regenere.png",
			"ascent": 8,
			"height": 8,
			"chars": ["❥"]
		},
		{
			"type": "bitmap",
			"file": "custompack:font/skills/luck.png",
			"ascent": 8,
			"height": 8,
			"chars": ["☘"]
		},
		{
			"type": "bitmap",
			"file": "custompack:font/skills/wisdom.png",
			"ascent": 8,
			"height": 8,
			"chars": ["✿"]
		},
		{
			"type": "bitmap",
			"file": "custompack:font/skills/toughness.png",
			"ascent": 8,
			"height": 8,
			"chars": ["✦"]
		},
		{
			"type": "bitmap",
			"file": "custompack:font/skills/speed.png",
			"ascent": 8,
			"height": 8,
			"chars": ["➤"]
		},
		{
			"type": "bitmap",
			"file": "custompack:font/emojis/angry.png",
			"ascent": 8,
			"height": 8,
			"chars": ["\ue000"]
		},
		{
			"type": "bitmap",
			"file": "custompack:font/emojis/blink.png",
			"ascent": 8,
			"height": 8,
			"chars": ["\ue001"]
		},
		{
			"type": "bitmap",
			"file": "custompack:font/emojis/bored.png",
			"ascent": 8,
			"height": 8,
			"chars": ["\ue002"]
		},
		{
			"type": "bitmap",
			"file": "custompack:font/emojis/cool.png",
			"ascent": 8,
			"height": 8,
			"chars": ["\ue003"]
		},
		{
			"type": "bitmap",
			"file": "custompack:font/emojis/crying.png",
			"ascent": 8,
			"height": 8,
			"chars": ["\ue004"]
		},
		{
			"type": "bitmap",
			"file": "custompack:font/emojis/flat.png",
			"ascent": 8,
			"height": 8,
			"chars": ["\ue005"]
		},
		{
			"type": "bitmap",
			"file": "custompack:font/emojis/gg.png",
			"ascent": 8,
			"height": 8,
			"chars": ["\ue006"]
		},
		{
			"type": "bitmap",
			"file": "custompack:font/emojis/awkward.png",
			"ascent": 8,
			"height": 8,
			"chars": ["\ue007"]
		},
		{
			"type": "bitmap",
			"file": "custompack:font/emojis/heartbroken.png",
			"ascent": 8,
			"height": 8,
			"chars": ["\ue008"]
		},
		{
			"type": "bitmap",
			"file": "custompack:font/emojis/kiss.png",
			"ascent": 8,
			"height": 8,
			"chars": ["\ue009"]
		},
		{
			"type": "bitmap",
			"file": "custompack:font/emojis/laugh.png",
			"ascent": 8,
			"height": 8,
			"chars": ["\ue010"]
		},
		{
			"type": "bitmap",
			"file": "custompack:font/emojis/sad.png",
			"ascent": 8,
			"height": 8,
			"chars": ["\ue011"]
		},
		{
			"type": "bitmap",
			"file": "custompack:font/emojis/shy.png",
			"ascent": 8,
			"height": 8,
			"chars": ["\ue012"]
		},
		{
			"type": "bitmap",
			"file": "custompack:font/emojis/smile.png",
			"ascent": 8,
			"height": 8,
			"chars": ["\ue013"]
		},
		{
			"type": "bitmap",
			"file": "custompack:font/emojis/surprised.png",
			"ascent": 8,
			"height": 8,
			"chars": ["\ue014"]
		},
		{
			"type": "bitmap",
			"file": "custompack:font/emojis/crazy.png",
			"ascent": 8,
			"height": 8,
			"chars": ["\ue015"]
		},
		{
			"type": "bitmap",
			"file": "custompack:font/ruby_icon.png",
			"ascent": 9,
			"height": 11,
			"chars": ["\ue016"]
		},
		{
			"type": "bitmap",
			"file": "custompack:font/trophy.png",
			"ascent": 9,
			"height": 10,
			"chars": ["\ue017"]
		},
		{
			"type": "bitmap",
			"file": "custompack:font/tablist.png",
			"ascent": 12,
			"height": 64,
			"chars": ["\ue018"]
		},
		{
			"type": "bitmap",
			"file": "custompack:font/icons/announce.png",
			"ascent": 7,
			"height": 7,
			"chars": ["\ue019"]
		},
		{
			"type": "bitmap",
			"file": "custompack:font/icons/danger.png",
			"ascent": 7,
			"height": 7,
			"chars": ["\ue020"]
		},
		{
			"type": "bitmap",
			"file": "custompack:font/icons/dm.png",
			"ascent": 7,
			"height": 7,
			"chars": ["\ue02a"]
		},
		{
			"type": "bitmap",
			"file": "custompack:font/icons/help.png",
			"ascent": 7,
			"height": 7,
			"chars": ["\ue02b"]
		},
		{
			"type": "bitmap",
			"file": "custompack:font/icons/info.png",
			"ascent": 7,
			"height": 7,
			"chars": ["\ue02c"]
		},
		{
			"type": "bitmap",
			"file": "custompack:font/guis/bank.png",
			"ascent": 32,
			"height": 256,
			"chars": ["\ue02d"]
		},
		{
			"type": "bitmap",
			"file": "custompack:font/guis/stuffpack_preview.png",
			"ascent": 18,
			"height": 256,
			"chars": ["\ue02e"]
		},
		{
			"type": "bitmap",
			"file": "custompack:font/guis/profile.png",
			"ascent": 18,
			"height": 256,
			"chars": ["\ue02f"]
		},
		{
			"type": "bitmap",
			"file": "custompack:font/guis/quest_main.png",
			"ascent": 18,
			"height": 256,
			"chars": ["\ue030"]
		},
		{
			"type": "bitmap",
			"file": "custompack:font/guis/inside.png",
			"ascent": 18,
			"height": 256,
			"chars": ["\ue031"]
		},
		{
			"type": "bitmap",
			"file": "custompack:font/guis/rtp.png",
			"ascent": 18,
			"height": 256,
			"chars": ["\ue032"]
		},
		{
			"type": "bitmap",
			"file": "custompack:font/guis/rename.png",
			"ascent": 18,
			"height": 256,
			"chars": ["\ue033"]
		},
		{
			"type": "bitmap",
			"file": "custompack:font/guis/rename_cooldown.png",
			"ascent": 18,
			"height": 256,
			"chars": ["\ue034"]
		},
		{
			"type": "bitmap",
			"file": "custompack:font/vote.png",
			"ascent": 9,
			"height": 10,
			"chars": ["\ue035"]
		},
		{
			"type": "bitmap",
			"file": "custompack:font/minipictures/kick_notification.png",
			"ascent": 6,
			"height": 32,
			"chars": ["\ue036"]
		},
		{
			"type": "bitmap",
			"file": "custompack:font/minipictures/unban_notification.png",
			"ascent": 6,
			"height": 32,
			"chars": ["\ue037"]
		},
		{
			"type": "bitmap",
			"file": "custompack:font/minipictures/dc_notification.png",
			"ascent": 6,
			"height": 32,
			"chars": ["\ue038"]
		},
		{
			"type": "bitmap",
			"file": "custompack:font/guis/gravestones.png",
			"ascent": 18,
			"height": 256,
			"chars": ["\ue039"]
		},
		{
			"type": "bitmap",
			"file": "custompack:font/shift.png",
			"ascent": 8,
			"height": 8,
			"chars": ["\ue03a"]
		},
		{
			"type": "bitmap",
			"file": "custompack:font/lcm.png",
			"ascent": 8,
			"height": 8,
			"chars": ["\ue03b"]
		},
		{
			"type": "bitmap",
			"file": "custompack:font/mcm.png",
			"ascent": 8,
			"height": 8,
			"chars": ["\ue03c"]
		},
		{
			"type": "bitmap",
			"file": "custompack:font/rcm.png",
			"ascent": 8,
			"height": 8,
			"chars": ["\ue03d"]
		},
		{
			"type": "bitmap",
			"file": "custompack:font/guis/repair.png",
			"ascent": 18,
			"height": 256,
			"chars": ["\ue03e"]
		},
		{
			"type": "bitmap",
			"file": "custompack:font/guis/repair_cooldown.png",
			"ascent": 18,
			"height": 256,
			"chars": ["\ue03f"]
		},
		{
			"type": "bitmap",
			"file": "custompack:font/minipictures/black_m_4.png",
			"ascent": 6,
			"height": 32,
			"chars": ["\ue040"]
		},
		{
			"type": "bitmap",
			"file": "custompack:font/minipictures/wiki_notification.png",
			"ascent": 6,
			"height": 32,
			"chars": ["\ue041"]
		},
		{
			"type": "bitmap",
			"file": "custompack:font/unlocked.png",
			"ascent": 7,
			"height": 7,
			"chars": ["\ue042"]
		},
		{
			"type": "bitmap",
			"file": "custompack:font/guis/merchant.png",
			"ascent": 18,
			"height": 256,
			"chars": ["\ue043"]
		},
		{
			"type": "bitmap",
			"file": "custompack:font/minipictures/black_w_3.png",
			"ascent": 6,
			"height": 32,
			"chars": ["\ue044"]
		},
		{
			"type": "bitmap",
			"file": "custompack:font/minipictures/black_m_3.png",
			"ascent": 6,
			"height": 32,
			"chars": ["\ue045"]
		},
		{
			"type": "bitmap",
			"file": "custompack:font/guis/book_page_1.png",
			"ascent": 13,
			"height": 256,
			"chars": ["\ue046"]
		},
		{
			"type": "bitmap",
			"file": "custompack:font/minipictures/website_notification.png",
			"ascent": 6,
			"height": 32,
			"chars": ["\ue047"]
		},
		{
			"type": "bitmap",
			"file": "custompack:font/guis/stuffpack.png",
			"ascent": 18,
			"height": 256,
			"chars": ["\ue04a"]
		},
		{
			"type": "bitmap",
			"file": "custompack:font/minipictures/white_m_1.png",
			"ascent": 6,
			"height": 32,
			"chars": ["\ue04b"]
		},
		{
			"type": "bitmap",
			"file": "custompack:font/minipictures/white_m_2.png",
			"ascent": 6,
			"height": 32,
			"chars": ["\ue04c"]
		},
		{
			"type": "bitmap",
			"file": "custompack:font/minipictures/white_m_3.png",
			"ascent": 6,
			"height": 32,
			"chars": ["\ue04d"]
		},
		{
			"type": "bitmap",
			"file": "custompack:font/minipictures/white_m_4.png",
			"ascent": 6,
			"height": 32,
			"chars": ["\ue04e"]
		},
		{
			"type": "bitmap",
			"file": "custompack:font/minipictures/white_m_5.png",
			"ascent": 6,
			"height": 32,
			"chars": ["\ue04f"]
		},
		{
			"type": "bitmap",
			"file": "custompack:font/minipictures/white_w_1.png",
			"ascent": 6,
			"height": 32,
			"chars": ["\ue050"]
		},
		{
			"type": "bitmap",
			"file": "custompack:font/minipictures/white_w_2.png",
			"ascent": 6,
			"height": 32,
			"chars": ["\ue051"]
		},
		{
			"type": "bitmap",
			"file": "custompack:font/minipictures/white_w_3.png",
			"ascent": 6,
			"height": 32,
			"chars": ["\ue052"]
		},
		{
			"type": "bitmap",
			"file": "custompack:font/minipictures/black_m_1.png",
			"ascent": 6,
			"height": 32,
			"chars": ["\ue053"]
		},
		{
			"type": "bitmap",
			"file": "custompack:font/minipictures/black_m_2.png",
			"ascent": 6,
			"height": 32,
			"chars": ["\ue054"]
		},
		{
			"type": "bitmap",
			"file": "custompack:font/minipictures/black_w_1.png",
			"ascent": 6,
			"height": 32,
			"chars": ["\ue055"]
		},
		{
			"type": "bitmap",
			"file": "custompack:font/minipictures/black_w_2.png",
			"ascent": 6,
			"height": 32,
			"chars": ["\ue056"]
		},
		{
			"type": "bitmap",
			"file": "custompack:font/minipictures/motd.png",
			"ascent": 6,
			"height": 32,
			"chars": ["\ue057"]
		},
		{
			"type": "bitmap",
			"file": "custompack:font/minipictures/bazaar_notification.png",
			"ascent": 6,
			"height": 32,
			"chars": ["\ue058"]
		},
		{
			"type": "bitmap",
			"file": "custompack:font/guis/bazaar_profile.png",
			"ascent": 18,
			"height": 256,
			"chars": ["\ue059"]
		},
		{
			"type": "bitmap",
			"file": "custompack:font/guis/bazaar_new.png",
			"ascent": 18,
			"height": 256,
			"chars": ["\ue05a"]
		},
		{
			"type": "bitmap",
			"file": "custompack:font/guis/cosmetic_mainmenu.png",
			"ascent": 18,
			"height": 256,
			"chars": ["\ue05b"]
		},
		{
			"type": "bitmap",
			"file": "custompack:font/guis/moderate.png",
			"ascent": 18,
			"height": 256,
			"chars": ["\ue05c"]
		},
		{
			"type": "bitmap",
			"file": "custompack:font/minipictures/death_notification.png",
			"ascent": 6,
			"height": 32,
			"chars": ["\ue05d"]
		},
		{
			"type": "bitmap",
			"file": "custompack:font/minipictures/sacristan.png",
			"ascent": 6,
			"height": 32,
			"chars": ["\ue05e"]
		},
		{
			"type": "bitmap",
			"file": "custompack:font/minipictures/ban_notification.png",
			"ascent": 6,
			"height": 32,
			"chars": ["\ue05f"]
		},
		{
			"type": "bitmap",
			"file": "custompack:font/guis/gps.png",
			"ascent": 18,
			"height": 256,
			"chars": ["\ue060"]
		},
		{
			"type": "bitmap",
			"file": "custompack:font/guis/gps_cancel.png",
			"ascent": 18,
			"height": 256,
			"chars": ["\ue061"]
		},
		{
			"type": "bitmap",
			"file": "custompack:font/guis/skills_main.png",
			"ascent": 18,
			"height": 256,
			"chars": ["\ue062"]
		},
		{
			"type": "bitmap",
			"file": "custompack:font/guis/skills_stats.png",
			"ascent": 18,
			"height": 256,
			"chars": ["\ue063"]
		},
		{
			"type": "bitmap",
			"file": "custompack:font/guis/skills_abilities.png",
			"ascent": 18,
			"height": 256,
			"chars": ["\ue064"]
		},
		{
			"type": "bitmap",
			"file": "custompack:font/guis/daily.png",
			"ascent": 18,
			"height": 256,
			"chars": ["\ue065"]
		},
		{
			"type": "bitmap",
			"file": "custompack:font/guis/claimed_daily.png",
			"ascent": 18,
			"height": 256,
			"chars": ["\ue066"]
		},
		{
			"type": "bitmap",
			"file": "custompack:font/guis/bounty.png",
			"ascent": 18,
			"height": 256,
			"chars": ["\ue067"]
		},
		{
			"type": "bitmap",
			"file": "custompack:font/guis/bounty_price.png",
			"ascent": 18,
			"height": 256,
			"chars": ["\ue068"]
		},
		{
			"type": "bitmap",
			"file": "custompack:font/guis/confirmation.png",
			"ascent": 18,
			"height": 256,
			"chars": ["\ue069"]
		},
		{
			"type": "bitmap",
			"file": "custompack:font/guis/mannequin.png",
			"ascent": 18,
			"height": 256,
			"chars": ["\ue06a"]
		},
		{
			"type": "bitmap",
			"file": "custompack:font/minipictures/quest_notification.png",
			"ascent": 6,
			"height": 32,
			"chars": ["\ue06b"]
		},
		{
			"type": "bitmap",
			"file": "custompack:font/minipictures/fishing_notification.png",
			"ascent": 6,
			"height": 32,
			"chars": ["\ue06c"]
		},
		{
			"type": "bitmap",
			"file": "custompack:font/guis/fishing_main.png",
			"ascent": 18,
			"height": 256,
			"chars": ["\ue06d"]
		},
		{
			"type": "bitmap",
			"file": "custompack:font/guis/fish_sell.png",
			"ascent": 18,
			"height": 256,
			"chars": ["\ue06e"]
		},
		{
			"type": "bitmap",
			"file": "custompack:font/guis/fish_sell_confirm.png",
			"ascent": 18,
			"height": 256,
			"chars": ["\ue06f"]
		},
		{
			"type": "bitmap",
			"file": "custompack:font/guis/quests_started.png",
			"ascent": 18,
			"height": 256,
			"chars": ["\ue070"]
		},
		{
			"type": "bitmap",
			"file": "custompack:font/minipictures/bounty_notification.png",
			"ascent": 6,
			"height": 32,
			"chars": ["\ue071"]
		},
		{
			"type": "bitmap",
			"file": "custompack:font/minipictures/input_notification.png",
			"ascent": 6,
			"height": 32,
			"chars": ["\ue072"]
		},
		{
			"type": "bitmap",
			"file": "custompack:font/guis/fishing_rods.png",
			"ascent": 18,
			"height": 256,
			"chars": ["\ue073"]
		},
		{
			"type": "bitmap",
			"file": "custompack:font/guis/doctor.png",
			"ascent": 18,
			"height": 256,
			"chars": ["\ue074"]
		},
		{
			"type": "bitmap",
			"file": "custompack:font/guis/doctor_cooldown.png",
			"ascent": 18,
			"height": 256,
			"chars": ["\ue075"]
		},
		{
			"type": "bitmap",
			"file": "custompack:font/guis/trophies.png",
			"ascent": 36,
			"height": 256,
			"chars": ["\ue076"]
		},
		{
			"type": "bitmap",
			"file": "custompack:font/guis/xp_bank.png",
			"ascent": 32,
			"height": 256,
			"chars": ["\ue077"]
		},
		{
			"type": "bitmap",
			"file": "custompack:font/guis/doctor_examine.png",
			"ascent": 18,
			"height": 256,
			"chars": ["\ue078"]
		},
		{
			"type": "bitmap",
			"file": "custompack:font/guis/museum_task.png",
			"ascent": 18,
			"height": 256,
			"chars": ["\ue079"]
		},
		{
			"type": "bitmap",
			"file": "custompack:font/guis/museum_task_claim.png",
			"ascent": 18,
			"height": 256,
			"chars": ["\ue07a"]
		},
		{
			"type": "bitmap",
			"file": "custompack:font/guis/trade.png",
			"ascent": 18,
			"height": 256,
			"chars": ["\ue07b"]
		},
		{
			"type": "bitmap",
			"file": "custompack:font/guis/museum.png",
			"ascent": 18,
			"height": 256,
			"chars": ["\ue07c"]
		},
		{
			"type": "bitmap",
			"file": "custompack:font/guis/campfire_main.png",
			"ascent": 18,
			"height": 256,
			"chars": ["\ue07d"]
		},
		{
			"type": "bitmap",
			"file": "custompack:font/guis/campfire_flags.png",
			"ascent": 18,
			"height": 256,
			"chars": ["\ue07e"]
		},
		{
			"type": "bitmap",
			"file": "custompack:font/guis/campfire_friends.png",
			"ascent": 18,
			"height": 256,
			"chars": ["\ue07f"]
		},
		{
			"type": "bitmap",
			"file": "custompack:font/minipictures/white_m_6.png",
			"ascent": 6,
			"height": 32,
			"chars": ["\ue088"]
		},
		{
			"type": "bitmap",
			"file": "custompack:font/minipictures/white_w_4.png",
			"ascent": 6,
			"height": 32,
			"chars": ["\ue089"]
		},
		{
			"type": "bitmap",
			"file": "custompack:font/minipictures/white_w_5.png",
			"ascent": 6,
			"height": 32,
			"chars": ["\ue08a"]
		},
		{
			"type": "bitmap",
			"file": "custompack:font/guis/farmer.png",
			"ascent": 18,
			"height": 256,
			"chars": ["\ue08b"]
		},
		{
			"type": "bitmap",
			"file": "custompack:font/skills/health.png",
			"ascent": 8,
			"height": 8,
			"chars": ["\ue08c"]
		},
		{
			"type": "bitmap",
			"file": "custompack:font/skills/crit_chance.png",
			"ascent": 8,
			"height": 8,
			"chars": ["\ue08d"]
		},
		{
			"type": "bitmap",
			"file": "custompack:font/skills/crit_damage.png",
			"ascent": 8,
			"height": 8,
			"chars": ["\ue08e"]
		},
		{
			"type": "bitmap",
			"file": "custompack:font/kill.png",
			"ascent": 9,
			"height": 11,
			"chars": ["\ue08f"]
		},
		{
			"type": "bitmap",
			"file": "custompack:font/campfire.png",
			"ascent": 9,
			"height": 11,
			"chars": ["\ue090"]
		},
		{
			"type": "bitmap",
			"file": "custompack:font/fish.png",
			"ascent": 9,
			"height": 11,
			"chars": ["\ue091"]
		},
		{
			"type": "bitmap",
			"file": "custompack:font/task.png",
			"ascent": 9,
			"height": 11,
			"chars": ["\ue092"]
		},
		{
			"type": "bitmap",
			"file": "custompack:font/minipictures/white_m_7.png",
			"ascent": 6,
			"height": 32,
			"chars": ["\ue093"]
		},
		{
			"type": "bitmap",
			"file": "custompack:font/minipictures/black_w_4.png",
			"ascent": 6,
			"height": 32,
			"chars": ["\ue094"]
		},
		{
			"type": "bitmap",
			"file": "custompack:font/minipictures/black_w_5.png",
			"ascent": 6,
			"height": 32,
			"chars": ["\ue095"]
		},
		{
			"type": "bitmap",
			"file": "custompack:font/minipictures/skill_notification.png",
			"ascent": 6,
			"height": 32,
			"chars": ["\ue096"]
		},
		{
			"type": "bitmap",
			"file": "custompack:font/clock.png",
			"ascent": 9,
			"height": 10,
			"chars": ["\ue097"]
		},
		{
			"type": "bitmap",
			"file": "custompack:font/compass.png",
			"ascent": 9,
			"height": 10,
			"chars": ["\ue098"]
		},
		{
			"type": "bitmap",
			"file": "custompack:font/splitter_side.png",
			"ascent": 8,
			"height": 8,
			"chars": ["\ue099"]
		},
		{
			"type": "bitmap",
			"file": "custompack:font/splitter_fit.png",
			"ascent": 8,
			"height": 8,
			"chars": ["\ue09a"]
		},
		{
			"type": "bitmap",
			"file": "custompack:font/splitter_mid.png",
			"ascent": 8,
			"height": 8,
			"chars": ["\ue09b"]
		},
		{
			"type": "bitmap",
			"file": "custompack:font/hourglass.png",
			"ascent": 9,
			"height": 11,
			"chars": ["\ue09c"]
		},
		{
			"type": "bitmap",
			"file": "custompack:font/minipictures/vote_notification.png",
			"ascent": 6,
			"height": 32,
			"chars": ["\ue09d"]
		},
		{
			"type": "bitmap",
			"file": "custompack:font/minipictures/pixelgpt.png",
			"ascent": 6,
			"height": 32,
			"chars": ["\ue09e"]
		},
		{
			"type": "bitmap",
			"file": "custompack:font/guis/chatcolour.png",
			"ascent": 18,
			"height": 256,
			"chars": ["\ue09f"]
		}
	]
}